-- phpMyAdmin SQL Dump
-- version 4.0.10.10
-- http://www.phpmyadmin.net
--
-- Хост: 127.0.0.1:3306
-- Время создания: Фев 05 2016 г., 01:47
-- Версия сервера: 5.6.26-log
-- Версия PHP: 5.6.12

SET SQL_MODE = "NO_AUTO_VALUE_ON_ZERO";
SET time_zone = "+00:00";


/*!40101 SET @OLD_CHARACTER_SET_CLIENT=@@CHARACTER_SET_CLIENT */;
/*!40101 SET @OLD_CHARACTER_SET_RESULTS=@@CHARACTER_SET_RESULTS */;
/*!40101 SET @OLD_COLLATION_CONNECTION=@@COLLATION_CONNECTION */;
/*!40101 SET NAMES utf8 */;

--
-- База данных: `gwrp03`
--

-- --------------------------------------------------------

--
-- Структура таблицы `antidmzones`
--

CREATE TABLE IF NOT EXISTS `antidmzones` (
  `id` int(11) NOT NULL AUTO_INCREMENT,
  `world` int(11) NOT NULL DEFAULT '0',
  `coord` varchar(128) NOT NULL DEFAULT '0.0,0.0,0.0,0.0',
  PRIMARY KEY (`id`)
) ENGINE=MyISAM  DEFAULT CHARSET=utf8 AUTO_INCREMENT=2 ;

--
-- Дамп данных таблицы `antidmzones`
--

INSERT INTO `antidmzones` (`id`, `world`, `coord`) VALUES
(1, 1, '2220.2607,-1150.0661,1025.7968,60.0000');

-- --------------------------------------------------------

--
-- Структура таблицы `banned`
--

CREATE TABLE IF NOT EXISTS `banned` (
  `user_id` int(11) NOT NULL,
  `admin_id` int(11) NOT NULL,
  `ip` varchar(16) NOT NULL DEFAULT '0.0.0.0',
  `date` int(11) NOT NULL DEFAULT '0',
  `unbandate` int(11) NOT NULL DEFAULT '0',
  `reason` varchar(64) NOT NULL DEFAULT 'None'
) ENGINE=MyISAM DEFAULT CHARSET=utf8;

-- --------------------------------------------------------

--
-- Структура таблицы `blacklist`
--

CREATE TABLE IF NOT EXISTS `blacklist` (
  `f_id` int(2) NOT NULL,
  `accused` int(11) NOT NULL,
  `mink` int(3) NOT NULL,
  `date` int(11) NOT NULL,
  `accuser` int(11) NOT NULL,
  `reason` varchar(64) NOT NULL,
  `lastvisit` int(11) NOT NULL
) ENGINE=MyISAM DEFAULT CHARSET=utf8;

-- --------------------------------------------------------

--
-- Структура таблицы `busines`
--

CREATE TABLE IF NOT EXISTS `busines` (
  `id` int(11) NOT NULL AUTO_INCREMENT,
  `owned` int(11) NOT NULL DEFAULT '0',
  `locked` int(11) NOT NULL DEFAULT '1',
  `owner` varchar(24) NOT NULL DEFAULT 'The State',
  `extortion` varchar(24) NOT NULL DEFAULT 'No-None',
  `description` varchar(24) NOT NULL DEFAULT 'biznes',
  `level` int(11) NOT NULL DEFAULT '5',
  `price` int(11) NOT NULL DEFAULT '500000',
  `safe` int(11) NOT NULL DEFAULT '0',
  `enter_cost` int(11) NOT NULL DEFAULT '100',
  `keeper` int(11) NOT NULL DEFAULT '15',
  `prods` int(11) NOT NULL DEFAULT '100',
  `max_prods` int(11) NOT NULL DEFAULT '100',
  `price_prods` int(11) NOT NULL DEFAULT '100',
  `interior` int(11) NOT NULL DEFAULT '-1',
  `icon` varchar(24) NOT NULL DEFAULT '1272,1239',
  `enter` varchar(255) NOT NULL DEFAULT '0.0,0.0,0.0,0.0',
  `exit` varchar(255) NOT NULL DEFAULT '0.0,0.0,0.0,0.0',
  PRIMARY KEY (`id`)
) ENGINE=MyISAM  DEFAULT CHARSET=utf8 AUTO_INCREMENT=83 ;

--
-- Дамп данных таблицы `busines`
--

INSERT INTO `busines` (`id`, `owned`, `locked`, `owner`, `extortion`, `description`, `level`, `price`, `safe`, `enter_cost`, `keeper`, `prods`, `max_prods`, `price_prods`, `interior`, `icon`, `enter`, `exit`) VALUES
(1, 0, 1, 'The State', 'No-one', '''БТА'' Банк', 7, 2000000, 500, 500, 14, 1303, 1500, 100, 0, '52,36', '1462.458,-1011.333,26.843,179.735', '2305.747,-16.031,26.749,269.717'),
(2, 0, 1, 'The State', 'No-one', 'biznes', 5, 100000, 0, 500, 12, 31, 500, 100, 4, '52,36', '2158.839,943.200,10.819,0.000', '285.872,-86.579,1001.520,0.000'),
(3, 0, 0, 'The State', 'No-one', 'biznes', 7, 500000, 32500, 500, 12, 182, 500, 100, 1, '52,36', '2556.812,2064.458,11.097,0.000', '285.320,-41.539,1001.515,0.000'),
(4, 0, 1, 'The State', 'No-one', 'biznes', 4, 200000, 10, 500, 14, 451, 500, 1, 7, '52,36', '-1593.998,716.169,-5.242,0.000', '315.618,-143.035,999.601,0.000'),
(5, 0, 0, 'The State', 'No-one', 'biznes', 10, 100000, 500, 500, 16, 579, 1000, 100, 6, '52,6', '1368.310,-1279.911,13.545,88.910', '316.359,-169.891,999.601,0.000'),
(6, 0, 1, 'The State', 'No-one', 'biznes', 7, 100, 1156000, 500, 12, 57, 500, 100, 6, '52,36', '2238.466,1285.702,10.819,0.000', '774.171,-50.319,1000.585,0.000'),
(7, 0, 1, 'The State', 'No-one', 'biznes', 5, 500000, 0, 3000, 16, 254, 500, 1, 3, '52,45', '499.867,-1359.994,16.311,337.385', '207.126,-139.404,1003.507,356.484'),
(8, 0, 1, 'The State', 'No-one', 'biznes', 7, 200000, 0, 700, 14, 497, 500, 1, 1, '52,36', '-2626.686,209.117,4.592,0.000', '286.148,-40.644,1001.567,0.000'),
(9, 0, 1, 'The State', 'No-one', 'biznes', 4, 500000, 0, 1, 12, 46, 500, 100, 1, '52,36', '777.752,1871.421,4.906,0.000', '285.345,-41.395,1001.515,0.000'),
(10, 0, 1, 'The State', 'No-one', 'biznes', 6, 200000, 0, 1000, 14, 250, 500, 999, 1, '52,36', '2400.479,-1981.994,13.545,0.000', '285.398,-41.117,1001.515,0.000'),
(11, 0, 1, 'The State', 'No-one', 'biznes', 7, 1500000, 0, 500, 14, 200, 1000, 100, 1, '52,36', '1836.796,-1682.552,13.331,0.000', '2600.840,-1682.301,1032.005,0.000'),
(12, 0, 1, 'The State', 'No-one', 'biznes', 5, 500000, 0, 500, 14, 200, 500, 100, 3, '52,36', '-2624.612,1412.625,7.092,0.000', '-2634.333,1409.505,906.463,0.000'),
(13, 0, 1, 'The State', 'No-one', 'biznes', 7, 500000, 0, 500, 12, 200, 500, 100, 1, '52,36', '2333.517,61.532,26.704,0.000', '286.148,-40.644,1001.567,0.000'),
(14, 0, 1, 'The State', 'No-one', 'biznes', 6, 200000, 0, 3000, 14, 92, 800, 100, 7, '52,36', '1568.687,-1689.973,6.217,0.000', '315.707,-143.356,999.601,0.000'),
(15, 0, 1, 'The State', 'No-one', 'biznes', 5, 5000000, 0, 500, 12, 200, 500, 100, 6, '52,36', '-316.152,829.950,14.241,0.000', '296.773,-111.916,1001.515,0.000'),
(16, 0, 1, 'The State', 'No-one', 'biznes', 4, 1, 0, 100, 12, 161, 500, 150, 6, '52,36', '-1508.828,2610.695,55.833,0.000', '296.816,-112.021,1001.515,0.000'),
(17, 0, 1, 'The State', 'No-one', 'biznes', 5, 5000000, 0, 500, 14, 200, 500, 100, 1, '52,36', '1490.072,-1898.020,22.214,0.000', '-794.931,489.851,1376.192,0.000'),
(18, 0, 1, 'The State', 'No-one', 'biznes', 5, 10000000, 0, 500, 16, 200, 500, 100, 2, '52,36', '-2243.177,-88.147,35.319,87.910', '1205.227,-12.968,1000.921,270.009'),
(19, 0, 1, 'The State', 'No-one', 'biznes', 4, 10000000, 0, 500, 14, 200, 500, 100, 17, '52,36', '-2551.373,193.597,6.203,0.000', '493.371,-24.614,1000.679,0.000'),
(20, 0, 1, 'The State', 'No-one', 'biznes', 4, 10000000, 0, 500, 12, 200, 500, 100, 1, '52,36', '2196.385,1677.067,12.366,0.000', '2233.936,1711.802,1011.630,0.000'),
(21, 0, 1, 'The State', 'No-one', 'biznes', 7, 300000, 0, 500, 16, 200, 750, 100, 3, '52,36', '461.695,-1500.729,31.045,0.000', '967.945,-53.187,1001.124,0.000'),
(22, 0, 1, 'The State', 'No-one', 'biznes', 7, 300000, 0, 1500, 12, 248, 2500, 999, 6, '52,36', '242.901,-178.412,1.582,0.000', '316.334,-170.292,999.593,0.000'),
(23, 0, 1, 'The State', 'No-one', 'biznes', 4, 300000, 0, 500, 12, 200, 2500, 100, 6, '52,6', '-2093.288,-2464.406,30.625,322.082', '316.385,-170.203,999.593,354.880'),
(24, 0, 1, 'The State', 'No-one', 'biznes', 5, 300000, 0, 500, 14, 200, 350, 100, 2, '52,36', '816.031,-1386.114,13.597,0.000', '1204.833,-13.847,1000.921,0.000'),
(25, 0, 1, 'The State', 'No-one', 'biznes', 6, 300000, 0, 500, 14, 200, 400, 100, 5, '52,36', '2229.489,-1721.458,13.562,0.000', '772.395,-5.393,1000.728,0.000'),
(26, 0, 1, 'The State', 'No-one', 'biznes', 4, 10000000, 0, 500, 12, 200, 2500, 100, 5, '52,36', '-1695.078,951.356,24.888,131.197', '226.731,-8.152,1002.210,93.676'),
(27, 0, 0, 'The State', 'No-one', 'biznes', 5, 300000, 500, 500, 15, 199, 500, 100, 3, '52,36', '-78.652,-1169.758,2.141,66.583', '-2634.270,1409.765,906.463,0.000'),
(28, 0, 1, 'The State', 'No-one', 'biznes', 5, 300000, 0, 500, 14, 198, 300, 100, 5, '52,29', '1367.427,248.404,19.565,61.006', '372.433,-133.024,1001.492,358.299'),
(29, 0, 1, 'The State', 'No-one', 'biznes', 4, 300000, 0, 500, 12, 200, 2500, 100, 1, '52,36', '1294.737,235.505,19.554,0.000', '-795.013,489.519,1376.192,0.000'),
(30, 0, 1, 'The State', 'No-one', 'biznes', 5, 300000, 0, 500, 16, 200, 350, 100, 1, '52,36', '279.415,-1435.109,13.968,0.000', '-794.932,489.579,1376.192,0.000'),
(31, 0, 1, 'The State', 'No-one', 'biznes', 999, 100000, 52500, 500, 14, 310, 750, 100, 3, '52,36', '1631.998,-1172.265,24.076,0.000', '833.830,7.399,1004.179,0.000'),
(32, 0, 1, 'The State', 'No-one', 'biznes', 4, 300000, 0, 500, 14, 198, 1000, 100, -1, '52,36', '2352.010,-1412.213,23.992,0.000', '0.000,0.000,0.000,0.000'),
(33, 0, 1, 'The State', 'No-one', 'biznes', 4, 300000, 255500, 1500, 14, 689, 2500, 10, -1, '52,36', '2508.278,-1470.401,24.034,0.000', '0.000,0.000,0.000,0.000'),
(34, 0, 1, 'The State', 'No-one', 'biznes', 4, 300000, 1232, 3000, 12, 204, 2500, 999, -1, '52,36', '767.648,2007.145,6.065,0.000', '0.000,0.000,0.000,0.000'),
(35, 0, 1, 'The State', 'No-one', 'biznes', 4, 300000, 39625, 3000, 14, 154, 2500, 1, -1, '52,36', '-2521.154,-624.049,132.779,0.000', '0.000,0.000,0.000,0.000'),
(36, 0, 1, 'The State', 'No-one', 'biznes', 5, 300000, 76600, 500, 12, 169, 2500, 100, -1, '52,36', '-1967.552,296.273,35.171,0.000', '0.000,0.000,0.000,0.000'),
(37, 0, 1, 'The State', 'No-one', 'biznes', 4, 300000, 10000, 3000, 12, 35660, 200000, 999, 18, '52,36', '-1722.083,-117.625,3.548,134.337', '1294.270,6.888,1001.007,181.041'),
(38, 0, 0, 'The State', 'No-one', 'biznes', 999, 100000, 2418100, 500, 14, 496, 1000, 100, 18, '52,36', '1726.843,-1635.812,20.215,0.000', '1726.935,-1638.390,20.222,177.389'),
(39, 0, 0, 'The State', 'No-one', 'biznes', 4, 1000000, 533700, 500, 14, 137, 2500, 100, -1, '52,36', '564.343,-1293.088,17.246,0.000', '0.000,0.000,0.000,0.000'),
(40, 0, 1, 'The State', 'No-one', 'biznes', 5, 300000, 0, 3000, 14, 272, 1000, 999, -1, '52,36', '1310.302,-1368.234,13.545,0.000', '0.000,0.000,0.000,0.000'),
(41, 0, 1, 'The State', 'No-one', 'biznes', 5, 300000, 0, 500, 14, 200, 500, 100, 2, '52,36', '2421.516,-1220.082,25.506,181.565', '1204.885,-12.862,1000.921,273.411'),
(42, 0, 1, 'The State', 'No-one', 'biznes', 5, 300000, 0, 3000, 14, 200, 800, 999, 1, '52,36', '1498.472,-1581.253,13.548,0.000', '-795.044,489.558,1376.192,0.000'),
(43, 0, 1, 'The State', 'No-one', 'biznes', 6, 300000, 0, 500, 14, 200, 750, 100, 3, '52,36', '1022.401,-1121.421,23.870,0.000', '-2634.270,1409.760,906.463,0.000'),
(44, 0, 1, 'The State', 'No-one', 'biznes', 5, 500000, 195700, 500, 12, 200, 2500, 100, -1, '52,36', '-1873.869,-218.167,18.375,0.000', '0.000,0.000,0.000,0.000'),
(45, 0, 1, 'The State', 'No-one', 'biznes', 5, 500000, 19000, 500, 12, 200, 500, 100, -1, '52,36', '-1899.753,276.247,41.039,0.000', '0.000,0.000,0.000,0.000'),
(46, 0, 1, 'The State', 'No-one', 'biznes', 4, 500000, 1000, 2000, 16, 270, 750, 100, -1, '52,36', '485.075,-1732.979,11.079,0.000', '0.000,0.000,0.000,0.000'),
(47, 0, 1, 'The State', 'No-one', 'biznes', 4, 500000, 8000, 1, 14, 220, 750, 999, -1, '52,36', '1034.812,-1028.019,32.101,0.000', '0.000,0.000,0.000,0.000'),
(48, 0, 1, 'The State', 'No-one', 'biznes', 4, 500000, 3000, 500, 12, 200, 2500, 100, -1, '52,36', '-95.208,1110.572,19.742,0.000', '0.000,0.000,0.000,0.000'),
(49, 0, 1, 'The State', 'No-one', 'biznes', 4, 500000, 9000, 500, 12, 200, 2500, 100, -1, '52,36', '723.294,-463.640,16.333,0.000', '0.000,0.000,0.000,0.000'),
(50, 0, 1, 'The State', 'No-one', 'biznes', 5, 500000, 2500, 500, 14, 200, 500, 100, -1, '52,36', '-2431.079,1028.812,50.388,0.000', '0.000,0.000,0.000,0.000'),
(51, 1, 1, 'Legal_Porno', 'No-one', 'biznes', 10, 50000000, 179500, 500, 14, 196, 2500, 100, -1, '52,36', '-1656.562,1211.124,7.250,0.000', '0.000,0.000,0.000,0.000'),
(52, 0, 1, 'The State', 'No-one', 'biznes', 4, 500000, 8000, 3000, 16, 455, 1000, 999, -1, '52,36', '2072.739,-1827.717,13.545,0.000', '0.000,0.000,0.000,0.000'),
(53, 0, 1, 'The State', 'No-one', 'biznes', 4, 500000, 3000, 500, 12, 200, 2500, 100, -1, '52,36', '1967.071,2158.031,10.819,0.000', '0.000,0.000,0.000,0.000'),
(54, 0, 1, 'The State', 'No-one', 'biznes', 4, 500000, 0, 500, 15, 200, 750, 100, 17, '52,36', '375.584,-2055.214,8.015,0.000', '493.316,-24.350,1000.679,0.000'),
(55, 0, 1, 'The State', 'No-one', 'biznes', 4, 500000, 0, 3000, 14, 184, 2500, 999, 0, '52,36', '-2765.947,375.601,6.334,0.000', '2305.458,-16.166,26.749,0.000'),
(56, 0, 1, 'The State', 'No-one', 'biznes', 7, 500000, 423080, 500, 12, 911, 2500, 100, -1, '52,36', '-1675.863,431.928,7.177,0.000', '501.980,-69.150,998.757,0.000'),
(57, 0, 1, 'The State', 'No-one', 'biznes', 4, 500000, 0, 500, 18, 200, 2500, 100, 11, '52,36', '2851.674,-1532.578,11.093,0.000', '501.980,-69.150,998.757,0.000'),
(58, 0, 1, 'The State', 'No-one', 'biznes', 4, 500000, 0, 3000, 14, 200, 2500, 999, -1, '52,36', '2730.520,-2451.468,17.593,0.000', '0.000,0.000,0.000,0.000'),
(59, 0, 1, 'The State', 'No-one', 'biznes', 4, 500000, 0, 500, 14, 200, 500, 100, 11, '52,36', '2309.768,-1643.987,14.826,0.000', '501.980,-69.150,998.757,0.000'),
(60, 0, 1, 'The State', 'No-one', 'biznes', 6, 500000, 0, 500, 12, 200, 2500, 100, 11, '52,36', '1310.942,329.976,19.913,0.000', '501.980,-69.150,998.757,0.000'),
(61, 0, 1, 'The State', 'No-one', 'biznes', 4, 500000, 3000, 500, 12, 200, 2500, 100, -1, '52,36', '-1425.171,2592.447,55.798,0.000', '0.000,0.000,0.000,0.000'),
(62, 0, 1, 'The State', 'No-one', 'biznes', 8, 500000, 0, 500, 16, 200, 500, 100, 1, '52,36', '560.064,-1506.765,14.543,0.000', '-795.033,490.084,1376.192,0.000'),
(63, 0, 1, 'The State', 'No-one', 'biznes', 7, 5000000, 0, 500, 16, 2234, 2500, 100, 18, '52,42', '1000.033,-920.052,42.326,98.694', '-30.926,-91.777,1003.546,3.028'),
(64, 0, 1, 'The State', 'No-one', 'biznes', 7, 100000, 0, 500, 14, 200, 2500, 100, 1, '52,21', '-1989.436,1117.895,54.465,274.462', '1276.077,-1564.906,3278.353,90.286'),
(65, 0, 0, 'The State', 'No-one', 'biznes', 999, 500000, 0, 500, 12, 198, 500, 100, 9, '52,36', '-1212.790,1831.582,41.929,220.677', '364.967,-10.809,1001.851,356.842'),
(66, 0, 0, 'The State', 'No-one', 'biznes', 999, 500000, 10, 10, 15, 248, 500, 100, -1, '52,36', '807.239,-1553.927,13.630,0.000', '0.000,0.000,0.000,0.000'),
(67, 0, 0, 'The State', 'No-one', 'biznes', 999, 500000, 301000, 500, 15, 248, 500, 100, -1, '52,36', '1629.791,971.973,10.819,265.226', '0.000,0.000,0.000,0.000'),
(68, 0, 1, 'The State', 'No-one', 'biznes', 999, 500000, 300000, 500, 15, 250, 500, 100, -1, '52,36', '-2455.479,503.903,30.076,267.544', '0.000,0.000,0.000,0.000'),
(69, 0, 1, 'The State', 'No-one', 'biznes', 999, 500000, 300000, 500, 15, 250, 500, 100, -1, '52,36', '2200.739,1394.302,11.062,0.000', '0.000,0.000,0.000,0.000'),
(70, 0, 1, 'The State', 'No-one', 'biznes', 3, 500000, 0, 500, 15, 250, 500, 100, 10, '52,10', '1199.385,-918.867,43.116,183.807', '363.523,-74.750,1001.507,306.864'),
(71, 0, 1, 'The State', 'No-one', 'biznes', 0, 500000, 10000, 500, 12, 250, 500, 100, 0, '0,0', '660.627,-573.281,16.333,0.000', '0.000,0.000,0.000,0.000'),
(72, 0, 1, 'The State', 'No-one', 'biznes', 3, 500000, 0, 500, 18, 248, 500, 100, 6, '52,42', '-2232.177,-2557.739,31.920,147.606', '-27.347,-57.854,1003.546,359.092'),
(73, 0, 1, 'The State', 'No-one', 'biznes', 0, 500000, 10000, 500, 15, 250, 500, 100, 0, '0,0', '2117.548,897.013,11.178,0.000', '0.000,0.000,0.000,0.000'),
(74, 0, 1, 'The State', 'No-one', 'biznes', 6, 500000, 0, 500, 18, 250, 500, 100, 10, '0,0', '1872.901,2071.625,11.062,186.938', '363.178,-74.875,1001.507,315.260'),
(75, 0, 0, 'The State', 'No-one', 'biznes', 3, 500000, 0, 500, 16, 249, 500, 100, 9, '52,14', '2398.447,-1898.399,13.545,0.648', '364.824,-10.803,1001.851,0.648'),
(76, 0, 1, 'The State', 'No-one', 'biznes', 3, 500000, 0, 500, 12, 248, 500, 100, 9, '52,14', '-1816.427,617.627,35.171,184.188', '364.824,-10.803,1001.851,3.552'),
(77, 0, 0, 'The State', 'No-one', 'biznes', 3, 500000, 0, 500, 12, 247, 500, 100, 10, '52,10', '-2336.218,-166.792,35.554,185.253', '364.187,-73.968,1001.507,264.096'),
(78, 0, 1, 'The State', 'No-one', 'biznes', 3, 500000, 0, 500, 15, 250, 500, 100, 9, '52,14', '-2671.528,258.484,4.631,3.161', '364.824,-10.803,1001.851,3.552'),
(79, 0, 0, 'The State', 'No-one', 'biznes', 2, 500000, 0, 500, 18, 249, 500, 100, 17, '52,36', '-1320.156,2697.986,50.263,207.789', '-25.888,-187.615,1003.546,4.964'),
(80, 0, 1, 'The State', 'No-one', 'biznes', 5, 500000, 0, 500, 18, 248, 500, 100, 10, '52,10', '-1911.880,828.588,35.173,5.519', '364.187,-73.968,1001.507,264.096'),
(81, 0, 0, 'The State', 'No-one', 'biznes', 7, 500000, 0, 500, 15, 248, 500, 100, 17, '52,36', '-2419.705,969.895,45.296,269.747', '-25.888,-187.615,1003.546,4.964'),
(82, 0, 1, 'The State', 'No-one', 'biznes', 1, 500000, 10000, 500, 18, 250, 500, 100, 1, '52,6', '2232.138,-1164.198,25.888,87.917', '285.924,-39.826,1001.515,269.097');

-- --------------------------------------------------------

--
-- Структура таблицы `busines_refill`
--

CREATE TABLE IF NOT EXISTS `busines_refill` (
  `id` int(11) NOT NULL AUTO_INCREMENT,
  `biz_id` int(11) NOT NULL,
  `pos` varchar(255) NOT NULL DEFAULT '0.0,0.0,0.0',
  PRIMARY KEY (`id`)
) ENGINE=MyISAM  DEFAULT CHARSET=utf8 AUTO_INCREMENT=12 ;

--
-- Дамп данных таблицы `busines_refill`
--

INSERT INTO `busines_refill` (`id`, `biz_id`, `pos`) VALUES
(1, 63, '1004.565,-933.462,42.179'),
(2, 56, '-1678.443,410.492,7.179'),
(3, 27, '-91.337,-1169.908,2.420'),
(4, 71, '653.210,-570.568,16.335'),
(5, 72, '-2243.774,-2561.198,31.921'),
(6, 73, '2115.855,911.083,10.820'),
(7, 73, '2115.344,922.836,10.820'),
(8, 79, '-1327.661,2682.854,50.062'),
(9, 79, '-1328.076,2677.376,50.062'),
(10, 79, '-1329.163,2671.853,50.062'),
(11, 81, '-2406.101,976.215,45.296');

-- --------------------------------------------------------

--
-- Структура таблицы `extra_vehicles`
--

CREATE TABLE IF NOT EXISTS `extra_vehicles` (
  `id` int(11) NOT NULL AUTO_INCREMENT,
  `owner` int(11) NOT NULL,
  `model` int(11) NOT NULL,
  `park` int(11) NOT NULL DEFAULT '1',
  `color` varchar(24) NOT NULL DEFAULT '0,0',
  `spawn` varchar(125) NOT NULL DEFAULT '0.0,0.0,0.0,0.0',
  PRIMARY KEY (`id`)
) ENGINE=MyISAM  DEFAULT CHARSET=utf8 AUTO_INCREMENT=65 ;

--
-- Дамп данных таблицы `extra_vehicles`
--

INSERT INTO `extra_vehicles` (`id`, `owner`, `model`, `park`, `color`, `spawn`) VALUES
(59, 1, 556, 1, '29,19', '0.000,0.000,0.000,0.000'),
(60, 1, 522, 1, '111,9', '0.000,0.000,0.000,0.000'),
(61, 1, 402, 1, '66,23', '616.033,-124.114,997.827,90.176'),
(62, 5, 522, 1, '-1,-1', '2188.000,-1279.245,24.153,204.404'),
(63, 5, 522, 1, '-1,-1', '-2655.752,627.613,14.453,177.974'),
(64, 3, 522, 1, '-1,-1', '562.856,-1287.882,17.248,87.734');

-- --------------------------------------------------------

--
-- Структура таблицы `frac_info`
--

CREATE TABLE IF NOT EXISTS `frac_info` (
  `fID` int(3) NOT NULL,
  `fBank` int(11) NOT NULL,
  `fRConf` varchar(24) NOT NULL DEFAULT '1,1,1',
  `fBConf` varchar(24) NOT NULL DEFAULT '10,100000',
  `fName` varchar(36) NOT NULL DEFAULT 'Frac Name',
  `fTag` varchar(16) NOT NULL DEFAULT 'FRAC',
  `fSpawn` varchar(255) NOT NULL DEFAULT '0,0,0.0,0.0,0.0,0.0',
  `fColor` varchar(16) NOT NULL DEFAULT '0xFFFFFF00'
) ENGINE=MyISAM DEFAULT CHARSET=utf8;

--
-- Дамп данных таблицы `frac_info`
--

INSERT INTO `frac_info` (`fID`, `fBank`, `fRConf`, `fBConf`, `fName`, `fTag`, `fSpawn`, `fColor`) VALUES
(1, 1014000, '1,1,10', '10,100000', 'Los Santos Police Departament', 'LSPD', '6,1,232.128,75.143,1005.039,270.114', '0x1111BBAA'),
(2, 5177883, '1,1,13', '10,100000', 'Federal Bureau of Investigation', 'FBI', '3,2,262.537,185.013,1008.171,353.255', '0x4B00B0AA'),
(3, 70000, '1,1,1', '10,100000', 'National Guard Of San Andreas', 'NGSA', '0,0,246.453,1861.154,14.083,0.000', '0x33AA33AA'),
(4, 464361, '1,14,12', '25,100000', 'Ministry of Health', 'SFMC', '3,4,371.089,172.080,1019.984,4.822', '0xFF6347AA'),
(5, 1, '1,18,1', '20,200000', 'La Cosa Nostra', 'FRAC', '2,17,2533.561,-1293.796,1054.640,266.662', '0xFF4500AA'),
(6, 4980, '1,15,1', '25,100000', 'Yakuza', 'FRAC', '5,16,1262.173,-788.087,1084.007,204.018', '0xFFFF00AA'),
(7, 3180583, '1,18,10', '3,123', 'Municipallty', 'GOV', '3,7,366.609,159.948,1008.382,0.328', '0xFFFFFFAA'),
(9, 480000, '1,1,1', '10,100000', 'Cabie News Network', 'CNN', '1,9,400.073,279.931,1008.635,91.076', '0xFF9900AA'),
(10, 2040, '1,1,19', '10,100000', 'Taxi', 'SATCC', '3,10,1491.204,1306.300,1093.296,265.687', '0x800000AA'),
(11, 51400, '1,1,1', '10,100000', 'Licensers', 'FRAC', '3,11,-2032.734,-117.126,1035.171,264.752', '0x6495EDAA'),
(13, 58911, '1,13,1', '25,100000', 'Russian Maffia', 'RM', '3,13,960.687,-59.094,1001.117,358.937', '0x191970AA'),
(15, 5158650, '20,15,1', '25,50000', 'El Coronos Gang', 'Coronos', '3,15,1213.336,-33.474,1000.953,4.560', '0x33CCFFAA'),
(16, 9205200, '17,16,1', '25,100000', 'The Ballas Gang', 'Ballas', '1,16,2176.189,1592.367,999.976,178.018', '0xFF00FFFF'),
(17, 5958789, '17,12,1', '25,100000', 'The Rifa Gang', 'Rifa', '0,0,-2173.734,-262.327,36.515,278.134', '0x83BFBFAA'),
(18, 15587801, '1,13,1', '10,100000', 'Los Santos Vagos Gang', 'Vagos', '3,18,1212.434,-35.722,1000.953,9.224', '0xB8860BAA'),
(12, 19586253, '1,14,1', '25,100000', 'Street Dogs', 'Street Dogs', '0,0,1058.160,2159.588,10.820,89.590', '0xDC143CAA'),
(8, 430801, '1,1,1', '10,100000', 'Farmers', 'Farmers', '18,20,-223.619,1410.437,27.773,117.814', '0xAFAFAFAA'),
(14, 40480476, '18,14,1', '10,70000', 'The Grove Street Gang', 'Grove', '3,14,2498.049,-1708.395,1014.742,88.843', '0x10F441AA');

-- --------------------------------------------------------

--
-- Структура таблицы `frac_models`
--

CREATE TABLE IF NOT EXISTS `frac_models` (
  `frac_id` int(2) NOT NULL DEFAULT '0',
  `model_id` int(3) NOT NULL DEFAULT '400'
) ENGINE=MyISAM DEFAULT CHARSET=utf8;

--
-- Дамп данных таблицы `frac_models`
--

INSERT INTO `frac_models` (`frac_id`, `model_id`) VALUES
(18, 467),
(18, 482),
(18, 567),
(18, 474),
(13, 533),
(13, 402),
(13, 522),
(13, 602),
(13, 580),
(13, 579),
(16, 517),
(13, 409),
(16, 566),
(16, 482),
(16, 567),
(4, 598),
(4, 416),
(11, 426),
(11, 500),
(11, 551),
(11, 405);

-- --------------------------------------------------------

--
-- Структура таблицы `frac_ranks`
--

CREATE TABLE IF NOT EXISTS `frac_ranks` (
  `f_id` int(3) NOT NULL,
  `r_id` int(3) NOT NULL,
  `r_name` varchar(36) NOT NULL DEFAULT 'rank'
) ENGINE=MyISAM DEFAULT CHARSET=utf8;

--
-- Дамп данных таблицы `frac_ranks`
--

INSERT INTO `frac_ranks` (`f_id`, `r_id`, `r_name`) VALUES
(1, 1, 'Курсант SAPD'),
(1, 2, 'Патрульный офицер SAPD'),
(1, 3, 'Младший сержант SAPD'),
(1, 4, 'Сержант SAPD'),
(1, 5, 'Старший сержант SAPD'),
(1, 6, 'Младший офицер SAPD'),
(1, 7, 'Офицер SAPD'),
(1, 8, 'Старший офицер SAPD'),
(1, 9, 'Лейтенант SAPD'),
(1, 10, 'Капитан SAPD'),
(1, 11, 'Зам.Инспектора SAPD'),
(1, 12, 'Инспектор SAPD'),
(1, 13, 'Глава полицейской академии'),
(1, 14, 'Нач.Департамента'),
(1, 15, 'Заместитель комиссара SAPD'),
(1, 16, 'Комиссар SAPD'),
(1, 17, 'Заместитель шерифа SAPD'),
(1, 18, 'Шериф SAPD'),
(1, 19, 'Шеф полиции'),
(1, 20, 'Зам.Министра Внутренних Дел Mr.'),
(1, 21, 'Министр Внутренних Дел Mr.'),
(2, 1, 'Стажер Академии ФБР'),
(2, 2, 'Младший Агент'),
(2, 3, 'Федеральный Агент'),
(2, 4, 'Старший Агент'),
(2, 5, 'Специальный Агент'),
(2, 6, 'Агент ISS'),
(2, 7, 'Заместитель Главы Отдела ФБР'),
(2, 8, 'Глава Отдела ФБР'),
(2, 9, 'Глава Академии ФБР'),
(2, 10, 'Сотрудник Отдела Кадров ФБР'),
(2, 11, 'Начальник Отдела Кадров ФБР'),
(2, 12, 'Начальник Секции ФБР'),
(2, 13, 'Инспектор ФБР'),
(2, 14, 'Зам.Директора.ФБР'),
(2, 15, 'Директор ФБР'),
(3, 1, 'Рядовой'),
(3, 2, 'Ефрейтор'),
(3, 3, 'Младший Сержант'),
(3, 4, 'Сержант'),
(3, 5, 'Старший Сержант'),
(3, 6, 'Старшина'),
(3, 7, 'Прапорщик'),
(3, 8, 'Старший Прапорщик'),
(3, 9, 'Младший Лейтенант'),
(3, 10, 'Лейтенант'),
(3, 11, 'Старший Лейтенант'),
(3, 12, 'Капитан'),
(3, 13, 'Майор'),
(3, 14, 'Подполковник'),
(3, 15, 'Полковник'),
(3, 16, 'Генерал-Майор'),
(3, 17, 'Генерал-Лейтенант'),
(3, 18, 'Генерал-Полковник'),
(3, 19, 'Генерал Армии'),
(3, 20, 'Генерал Воздушно-десантных войск'),
(3, 21, 'Заместитель Министра обороны'),
(3, 22, 'Министр Обороны'),
(4, 1, 'Водитель скорой помощи'),
(4, 2, 'Фельдшер SFMC'),
(4, 3, 'Сотрудник Сл.Безопасности SFMC'),
(4, 4, 'Студент Мед.Университета'),
(4, 5, 'Специалист Сл.Безопасности SFMC'),
(4, 6, 'Интерн SFMC'),
(4, 7, 'Врач SFMC'),
(4, 8, 'Диспетчер SFMC'),
(4, 9, 'Преподаватель Мед.Университета'),
(4, 10, 'Сотрудник Сан.Инспекции'),
(4, 11, 'Зам.Начальника Сан.Инспекции'),
(5, 1, 'Novizio'),
(5, 2, 'Associato'),
(5, 3, 'Controllato'),
(5, 4, 'Razionale'),
(5, 5, 'Addestato'),
(5, 6, 'Testato'),
(5, 7, 'Combatente'),
(5, 8, 'Soldato'),
(5, 9, 'Experto'),
(5, 10, 'Viterano'),
(5, 11, 'Sotto Capo'),
(5, 12, 'Capo'),
(5, 13, 'Un on de Onere'),
(5, 14, 'Underboss'),
(5, 15, 'Strada boss'),
(5, 16, 'Consigliere'),
(5, 17, 'Aiutante'),
(5, 18, 'Padrino'),
(6, 1, 'Гакусэй'),
(6, 2, 'Вакасю'),
(6, 3, 'Томодати'),
(6, 4, 'Ото'),
(6, 5, 'Соно'),
(6, 6, 'Кёдай'),
(6, 7, 'Ани'),
(6, 8, 'Кейкен'),
(6, 9, 'Сятэйгасира'),
(6, 10, 'Вакагасира'),
(6, 11, 'Со-Хонбутё'),
(6, 12, 'Сагашите-Иру'),
(6, 13, 'Камбу'),
(6, 14, 'Оядзи'),
(6, 15, 'Сайко-Комон'),
(6, 16, 'Фуруй Отоко'),
(6, 17, 'Оябун-Кобун'),
(6, 18, 'Кумитё'),
(7, 1, 'Водитель.'),
(7, 2, 'Охраник.'),
(7, 3, 'Консультант'),
(7, 4, 'Охранник'),
(7, 5, 'Личный телохранитель'),
(7, 6, 'Юрист'),
(7, 7, 'Прокурор'),
(7, 8, 'Генеральный Прокурор'),
(7, 9, 'Начальник Охраны'),
(7, 10, 'Начальник Юридической Академии'),
(7, 11, 'Сотрудник Отдела Трененга'),
(7, 12, 'Министр Социального Развития'),
(7, 13, 'Министр Культуры.'),
(7, 14, 'Министр Транспорта'),
(7, 15, 'Министр Финансов'),
(7, 16, 'Председатель Правительства'),
(7, 17, 'Вице-губернатор Штата'),
(7, 18, 'Губернатор штата'),
(9, 1, 'Стажер'),
(9, 2, 'Курьер'),
(9, 3, 'Фотограф'),
(9, 4, 'Папарацци'),
(9, 5, 'Ведущий новостей'),
(9, 6, 'Редактор'),
(9, 7, 'Ведущий викторин'),
(9, 8, 'Интервьюер'),
(9, 9, 'Организатор'),
(9, 10, 'Бухгалтер'),
(9, 11, 'Ведущий мероприятий'),
(9, 12, 'Шоумен'),
(9, 13, 'Продюсер'),
(9, 14, 'Зам.главы сферы'),
(9, 15, 'Глава сферы'),
(9, 16, 'Глава отдела подготовки'),
(9, 17, 'Глава основного отдела'),
(9, 18, 'Менеджер'),
(9, 19, 'Зам.Директора'),
(9, 20, 'Директор'),
(9, 21, 'Генеральный директор'),
(10, 1, 'Стажер SATCC'),
(10, 2, 'Водитель SATCC'),
(10, 3, 'Водитель 3-его класса SATCC'),
(10, 4, 'Водитель 2-ого класса SATCC'),
(10, 5, 'Водитель 1-ого класса SATCC'),
(10, 6, 'Водитель Элитного класса SATCC'),
(10, 7, 'Диспетчер SATCC'),
(10, 8, 'Сотр. отдела подготовки SATCC'),
(10, 9, 'Сотр. отдела кадров SATCC'),
(10, 10, 'Сотрудник Отдела дисц. работы SATCC'),
(10, 11, 'Зам.гл.отдела подготовки SATCC'),
(10, 12, 'Зам.гл.диспетчерского узла SATCC'),
(10, 13, 'Зам.гл.дисциплинарного отдела SATCC'),
(10, 14, 'Зам.гл.отдела кадров SATCC'),
(10, 15, 'Главы отдела подготовки SATCC'),
(10, 16, 'Глава дисциплинарного отдела SATCC'),
(10, 17, 'Главы отдела кадров SATCC'),
(10, 18, 'Глава Диспетчерского узла SATCC'),
(11, 1, 'Стажер'),
(11, 2, 'Помощник инструктора.'),
(11, 3, 'Инструктор 3-го класса'),
(11, 4, 'Инструктор 2-го класса'),
(11, 5, 'Инструктор 1-го класса'),
(11, 6, 'Старший инструктор'),
(11, 7, 'Менеджер'),
(11, 8, 'Старший менеджер'),
(11, 9, 'Администратор'),
(11, 10, 'Зам.Ген.Директора'),
(11, 11, 'Генеральный Директор Автошколы'),
(13, 1, 'Помощник'),
(13, 2, 'Браток'),
(13, 3, 'Бандит'),
(13, 4, 'Фраер'),
(13, 5, 'Правильный'),
(13, 6, 'Вышибала'),
(13, 7, 'Зам.Бригадира'),
(13, 8, 'Бригадир'),
(13, 9, 'Исполнитель'),
(13, 10, 'Смотрящий'),
(13, 11, 'Жиган'),
(13, 12, 'Вор'),
(13, 13, 'Козырный фраер'),
(13, 14, 'Легенда'),
(13, 15, 'Пахан'),
(13, 16, 'Блатной'),
(13, 17, 'Авторитет'),
(13, 18, 'ЦАРЬ'),
(14, 1, 'Buster'),
(14, 2, 'Rookie'),
(14, 3, 'Tried'),
(14, 4, 'Crack Nigga'),
(14, 5, 'Green Warrior'),
(14, 6, 'Raging'),
(14, 7, 'Gangsta'),
(14, 8, 'Thug Nigga'),
(14, 9, 'Outlaw'),
(14, 10, 'Mack Dogg'),
(14, 11, 'Guest gang'),
(14, 12, 'Old Gangsta'),
(14, 13, 'Authority'),
(14, 14, 'Legendary'),
(14, 15, 'Advisor'),
(14, 16, 'Playa'),
(14, 17, 'West Side Deputy'),
(14, 18, 'West Side Pac'),
(15, 1, 'Forastero'),
(15, 2, 'Jovenes'),
(15, 3, 'Novato'),
(15, 4, 'Formado'),
(15, 5, 'Guest'),
(15, 6, 'Amigo'),
(15, 7, 'Hermano'),
(15, 8, 'Soldado'),
(15, 9, 'Verificado'),
(15, 10, 'Cezados'),
(15, 11, 'El Matador'),
(15, 12, 'Tashcher'),
(15, 13, 'Autoridad'),
(15, 14, 'Elegante'),
(15, 15, 'La Leyenda'),
(15, 16, 'Cabeza'),
(15, 17, 'Authoriad'),
(15, 18, 'Adjunto'),
(15, 19, 'El Padre'),
(15, 20, 'King'),
(16, 1, 'New_Blood'),
(16, 2, 'He Mastered'),
(16, 3, 'Young Gangster'),
(16, 4, 'Gangsta'),
(16, 5, 'Triple O.G.'),
(16, 6, 'Purple O.G.'),
(16, 7, 'Guest'),
(16, 8, 'Street Warrior'),
(16, 9, 'ThuG'),
(16, 10, 'Ripper'),
(16, 11, 'East Side Nigga'),
(16, 12, 'Dirty Nigga'),
(16, 13, 'Dunisher'),
(16, 14, 'Authority'),
(16, 15, 'Killa'),
(16, 16, 'Advisor'),
(16, 17, 'Legenda'),
(17, 1, 'Novato'),
(17, 2, 'Tranquilo'),
(17, 3, 'Extrano'),
(17, 4, 'En Ciernes'),
(17, 5, 'Tirador'),
(17, 6, 'Hispano'),
(17, 7, 'Amigo'),
(17, 8, 'Hermano'),
(17, 9, 'Bandido'),
(17, 10, 'Guest'),
(17, 11, 'Contramaestre'),
(17, 12, 'Assesino'),
(17, 13, 'Autoridad'),
(17, 14, 'Maestro'),
(17, 15, 'Proximo'),
(17, 16, 'Leyenda'),
(17, 17, 'El_Padre'),
(17, 18, 'El_Padre_Supremo'),
(18, 1, 'Novato'),
(18, 2, 'Ordinario'),
(18, 3, 'Local'),
(18, 4, 'Verificado'),
(18, 5, 'Buscando'),
(18, 6, 'Amigo'),
(18, 7, 'Hermano'),
(18, 8, 'Cutthroat'),
(18, 9, 'Soldado'),
(18, 10, 'Veterano'),
(18, 11, 'El_Gangster_Viejo'),
(18, 12, 'Guardian'),
(18, 13, 'La Leyenda'),
(18, 14, 'Autoridad'),
(18, 15, 'Adjunto'),
(18, 16, 'El Padre'),
(18, 17, 'Asesor'),
(18, 18, 'El Padre Supremo'),
(12, 1, 'Rookie'),
(12, 2, 'Outsider'),
(12, 3, 'Apprentice'),
(12, 4, 'Insider'),
(12, 5, 'Young Gangster'),
(12, 6, 'Gangster'),
(12, 7, 'Ghetto Soldier'),
(12, 8, 'Сutthroat'),
(12, 9, 'Slayer'),
(12, 10, 'Некрасовский.КОП'),
(8, 1, 'Начинающий'),
(8, 2, 'Комбайнер'),
(8, 3, 'Тракторист'),
(8, 4, 'Рабочий'),
(8, 5, 'Фермер'),
(8, 6, 'Мастер'),
(8, 7, 'Надзиратель'),
(8, 8, 'Начальник'),
(8, 9, 'Смотрящий'),
(8, 10, 'Управляющий'),
(8, 11, 'Дед'),
(8, 12, 'Советник'),
(8, 13, 'Зам.Наркобарона'),
(8, 14, 'Наркобарон'),
(4, 12, 'Начальник Сан.Инспекции'),
(4, 14, 'Нач.Службы Безопасности SFMC'),
(4, 13, 'Зам.Нач.Службы Безопасности SFMC'),
(4, 15, 'Проректор Мед.Университета'),
(4, 16, 'Ректор Мед.Университета'),
(4, 17, 'Заведующий отделением'),
(4, 18, 'Главный врач, Dr.'),
(4, 19, 'Зам.Министра Здравоохранения, Dr.'),
(4, 20, 'Министр Здравоохранения, Dr.'),
(10, 19, 'Администратор SATCC'),
(10, 20, 'Директор SATCC'),
(10, 21, 'Генеральный Директор SATCC'),
(12, 11, 'Punisher'),
(12, 12, 'Destroyer'),
(12, 13, 'Crimson Thug'),
(12, 14, 'Authority'),
(12, 15, 'Guest'),
(12, 16, 'Right Hand'),
(12, 17, 'Legendary'),
(12, 18, 'Authority'),
(12, 19, 'Playa'),
(16, 20, 'Pac'),
(16, 19, 'Black_Devil'),
(12, 20, 'Love'),
(16, 18, 'Authority'),
(16, 21, 'БатьКО');

-- --------------------------------------------------------

--
-- Структура таблицы `frac_skins`
--

CREATE TABLE IF NOT EXISTS `frac_skins` (
  `f_id` int(11) NOT NULL DEFAULT '0',
  `skin_id` int(3) NOT NULL DEFAULT '79'
) ENGINE=MyISAM DEFAULT CHARSET=utf8;

--
-- Дамп данных таблицы `frac_skins`
--

INSERT INTO `frac_skins` (`f_id`, `skin_id`) VALUES
(0, 1),
(0, 2),
(0, 7),
(0, 259),
(0, 257),
(0, 256),
(0, 255),
(0, 76),
(0, 75),
(0, 73),
(0, 72),
(0, 69),
(0, 68),
(0, 64),
(0, 63),
(0, 62),
(0, 58),
(0, 62),
(0, 69),
(0, 63),
(0, 75),
(0, 76),
(0, 81),
(0, 79),
(0, 87),
(0, 90),
(0, 97),
(0, 16),
(0, 15),
(0, 13),
(0, 11),
(0, 10),
(0, 99),
(0, 97),
(0, 96),
(0, 95),
(0, 94),
(0, 92),
(0, 88),
(0, 87),
(0, 85),
(0, 84),
(0, 83),
(0, 82),
(0, 81),
(0, 80),
(0, 79),
(0, 78),
(0, 77),
(0, 56),
(0, 55),
(0, 54),
(0, 53),
(0, 52),
(0, 51),
(0, 50),
(0, 49),
(0, 45),
(0, 44),
(0, 41),
(0, 39),
(0, 38),
(0, 37),
(0, 36),
(0, 35),
(0, 33),
(0, 32),
(0, 31),
(0, 30),
(0, 29),
(0, 89),
(0, 28),
(0, 27),
(0, 26),
(0, 23),
(0, 22),
(0, 21),
(0, 20),
(0, 19),
(0, 18),
(0, 18),
(0, 12),
(0, 21),
(0, 22),
(0, 26),
(0, 19),
(0, 23),
(0, 45),
(0, 44),
(0, 50),
(0, 55),
(0, 56),
(0, 60),
(0, 101),
(0, 137),
(0, 138),
(0, 141),
(0, 146),
(0, 148),
(0, 150),
(0, 152),
(0, 153),
(0, 154),
(0, 156),
(0, 170),
(0, 169),
(0, 177),
(0, 180),
(0, 192),
(0, 211),
(0, 252),
(0, 216),
(0, 299),
(0, 296),
(0, 176),
(0, 217),
(0, 219),
(0, 230),
(0, 237),
(0, 238),
(0, 241),
(0, 249),
(0, 250),
(0, 260),
(0, 263),
(0, 264),
(0, 291),
(0, 293),
(0, 297),
(0, 243),
(0, 257),
(0, 239),
(0, 244),
(0, 234),
(0, 235),
(0, 236),
(0, 231),
(0, 222),
(0, 207),
(0, 208),
(0, 203),
(0, 204),
(0, 184),
(0, 153),
(0, 152),
(0, 151),
(0, 253),
(0, 146),
(0, 145),
(0, 144),
(0, 143),
(0, 142),
(0, 141),
(0, 140),
(0, 139),
(0, 138),
(0, 239),
(0, 136),
(0, 135),
(0, 134),
(0, 132),
(0, 131),
(0, 130),
(0, 129),
(0, 260),
(0, 293),
(0, 187),
(0, 296),
(0, 297),
(0, 298),
(0, 299),
(0, 247),
(0, 248),
(0, 100),
(0, 128),
(0, 254),
(0, 264),
(0, 291),
(0, 292),
(0, 256),
(0, 263),
(0, 262),
(0, 261),
(1, 280),
(1, 281),
(1, 284),
(1, 285),
(1, 266),
(1, 265),
(1, 282),
(1, 288),
(1, 283),
(11, 171),
(11, 150),
(2, 163),
(2, 286),
(2, 166),
(2, 165),
(2, 141),
(3, 179),
(3, 287),
(3, 285),
(3, 191),
(4, 71),
(4, 274),
(4, 275),
(4, 276),
(4, 70),
(4, 59),
(4, 141),
(4, 150),
(4, 148),
(4, 228),
(5, 290),
(5, 127),
(5, 124),
(5, 43),
(5, 258),
(5, 91),
(5, 192),
(5, 223),
(5, 113),
(6, 121),
(6, 122),
(6, 123),
(6, 263),
(6, 186),
(6, 204),
(6, 208),
(6, 120),
(6, 118),
(6, 117),
(6, 169),
(7, 59),
(7, 164),
(7, 187),
(7, 17),
(7, 147),
(9, 188),
(9, 60),
(9, 250),
(9, 170),
(10, 255),
(10, 61),
(11, 240),
(11, 98),
(11, 189),
(11, 172),
(13, 112),
(13, 125),
(13, 126),
(13, 46),
(13, 272),
(13, 233),
(14, 105),
(14, 106),
(14, 107),
(14, 269),
(14, 270),
(14, 271),
(14, 195),
(15, 114),
(15, 115),
(15, 116),
(15, 193),
(16, 103),
(16, 102),
(16, 104),
(16, 193),
(17, 175),
(17, 174),
(17, 173),
(17, 193),
(18, 108),
(18, 109),
(18, 110),
(12, 24),
(12, 25),
(12, 67),
(12, 183),
(12, 190),
(12, 66),
(8, 162),
(8, 159),
(8, 158),
(8, 161),
(8, 202),
(8, 133),
(8, 34),
(8, 221),
(8, 14),
(10, 261),
(10, 182),
(10, 142),
(10, 262),
(10, 185),
(2, 295),
(16, 21);

-- --------------------------------------------------------

--
-- Структура таблицы `frac_vehicles`
--

CREATE TABLE IF NOT EXISTS `frac_vehicles` (
  `ID` int(11) NOT NULL AUTO_INCREMENT,
  `model` int(3) NOT NULL DEFAULT '400',
  `frac` int(2) NOT NULL DEFAULT '0',
  `rank` int(2) NOT NULL DEFAULT '1',
  `colors` varchar(16) NOT NULL DEFAULT '0,0',
  `number` varchar(16) NOT NULL DEFAULT 'V 123 FC',
  `resp_pos` varchar(128) NOT NULL DEFAULT '0.0,0.0,0.0,0.0',
  `miles` float NOT NULL DEFAULT '0',
  PRIMARY KEY (`ID`)
) ENGINE=MyISAM  DEFAULT CHARSET=utf8 AUTO_INCREMENT=271 ;

--
-- Дамп данных таблицы `frac_vehicles`
--

INSERT INTO `frac_vehicles` (`ID`, `model`, `frac`, `rank`, `colors`, `number`, `resp_pos`, `miles`) VALUES
(1, 566, 16, 2, '18,0', 'E07S', '938.158,-1124.354,23.750,1.383', 171.227),
(2, 482, 16, 1, '18,0', 'E06S', '921.137,-1085.041,24.402,179.841', 71.6271),
(3, 566, 16, 1, '18,1', 'E04S', '933.742,-1124.482,23.750,359.377', 121.056),
(4, 566, 16, 2, '18,85', 'E03S', '923.416,-1124.286,23.750,1.088', 131.99),
(5, 517, 16, 18, '0,1', 'Pac', '912.825,-1102.666,24.149,268.635', 102.177),
(6, 567, 16, 18, '0,5', 'Leader', '926.945,-1064.004,24.163,179.960', 109.134),
(7, 566, 16, 1, '18,3', 'E01S', '928.116,-1124.222,23.752,359.763', 117.986),
(8, 534, 15, 1, '93,2', 'Coronos', '1777.378,-1894.625,13.112,267.338', 385.672),
(9, 534, 15, 1, '2,2', 'Coronos', '1777.160,-1900.583,13.111,269.696', 326.14),
(10, 482, 15, 3, '127,2', 'Coronos', '1790.906,-1932.307,13.503,358.359', 164.057),
(11, 567, 15, 5, '2,0', 'Coronos', '1802.869,-1913.265,13.262,57.263', 227.681),
(12, 567, 15, 5, '93,2', 'Coronos', '1803.151,-1918.982,13.255,60.833', 376.486),
(13, 535, 15, 20, '61,12', 'Coronos', '1756.791,-1888.994,13.321,269.652', 361.131),
(14, 567, 15, 5, '2,2', 'Coronos', '1803.321,-1906.651,13.265,46.326', 241.354),
(15, 534, 15, 1, '2,2', 'Coronos', '1777.103,-1908.369,13.130,270.312', 721.443),
(16, 535, 15, 12, '2,0', 'Coronos', '1776.884,-1924.343,13.152,317.588', 492.213),
(17, 467, 15, 15, '0,0', 'Leader', '1803.786,-1932.416,13.126,42.109', 188.802),
(18, 482, 18, 2, '0,6', 'Vagos', '2803.165,-1540.390,11.036,179.151', 8.49462),
(19, 467, 18, 1, '127,6', 'Vagos', '2796.204,-1549.211,10.704,271.165', 74.4922),
(20, 474, 18, 1, '0,6', 'VAGOS', '2821.936,-1548.874,10.689,90.624', 33.368),
(21, 467, 18, 1, '6,0', 'Vagos', '2796.444,-1558.703,10.656,266.380', 191.112),
(22, 482, 18, 2, '0,6', 'VAGOS', '2811.604,-1540.233,11.045,180.595', 3.94338),
(23, 567, 18, 1, '0,6', 'Vagos', '2816.385,-1540.125,10.788,180.552', 13.4433),
(24, 474, 18, 1, '0,6', '???? lol', '2821.818,-1552.821,10.687,88.833', 25.9761),
(25, 567, 18, 1, '0,6', 'Vagos', '2821.923,-1557.665,10.791,89.582', 33.8041),
(26, 467, 18, 1, '0,6', 'Vagos', '2796.270,-1554.015,10.661,268.381', 165.207),
(27, 482, 18, 2, '0,6', 'VAGOS', '2807.422,-1540.237,11.038,180.432', 12.7187),
(28, 522, 13, 11, '0,0', 'RM', '-2763.934,-312.194,6.611,0.522', 38.7305),
(29, 580, 13, 7, '0,0', 'RMafia', '-2759.099,-281.394,6.861,179.171', 5.40146),
(30, 579, 13, 1, '0,0', 'RMafia', '-2721.947,-281.721,6.967,179.386', 6.19312),
(31, 579, 13, 1, '0,0', 'RMafia', '-2727.030,-281.040,6.967,180.604', 1.01283),
(32, 522, 13, 17, '0,0', 'RM', '-2727.204,-323.877,6.754,46.902', 301.139),
(33, 522, 13, 11, '0,0', 'RM', '-2758.131,-311.876,6.697,0.000', 159.367),
(34, 522, 13, 11, '0,0', 'RM', '-2760.693,-311.933,6.697,0.000', 137.567),
(35, 402, 13, 12, '0,0', 'RMafia', '-2773.653,-313.036,6.868,0.836', 2.34593),
(36, 533, 13, 9, '0,0', 'RMafia', '-2771.412,-281.079,6.756,180.820', 9.25193),
(37, 402, 13, 12, '0,0', 'RMafia', '-2768.477,-312.855,6.868,2.594', 25.5217),
(38, 579, 13, 1, '0,0', 'RMfaia', '-2746.810,-281.195,6.971,179.839', 65.3189),
(39, 579, 13, 1, '0,0', 'RMafia', '-2741.946,-281.203,6.967,180.720', 34.077),
(40, 579, 13, 1, '0,0', 'RMafia', '-2731.947,-281.096,6.972,181.042', 10.3754),
(41, 579, 13, 1, '0,0', 'RMafia', '-2736.799,-281.217,6.973,180.158', 15.5275),
(42, 409, 13, 5, '0,0', 'RMafia', '-2712.041,-308.295,6.973,316.726', 18.802),
(43, 487, 13, 14, '0,0', 'RMafia', '-2780.927,-295.592,7.175,270.002', 223.443),
(44, 580, 13, 7, '0,0', 'RMafia', '-2754.218,-281.338,6.833,181.837', 26.0683),
(45, 533, 13, 9, '0,0', 'RMafia', '-2766.622,-281.196,6.971,180.988', 31.9253),
(46, 600, 14, 4, '86,86', 'Grove', '2456.520,-1670.937,13.220,357.299', 230.892),
(47, 536, 14, 14, '1,1', 'Grove', '2503.704,-1695.682,13.333,357.583', 164.406),
(48, 600, 14, 4, '86,86', 'Grove', '2460.354,-1671.008,13.192,359.299', 467.834),
(49, 482, 14, 2, '86,1', 'Grove', '2443.343,-1645.999,13.586,179.207', 195.585),
(50, 466, 14, 1, '86,127', 'Grove', '2448.875,-1670.828,13.234,358.156', 355.942),
(51, 466, 14, 10, '86,127', 'Grove', '2452.656,-1670.795,13.236,358.772', 380.541),
(52, 492, 14, 1, '86,0', 'Grove', '2445.091,-1670.817,13.274,358.364', 384.064),
(53, 536, 14, 12, '1,110', 'Grove', '2507.479,-1695.786,13.291,0.323', 469.247),
(54, 492, 14, 1, '86,0', 'Grove', '2441.333,-1670.587,13.319,359.252', 302.409),
(55, 579, 5, 1, '0,0', 'LCN', '1246.331,-2009.895,59.742,214.753', 7.04806),
(56, 421, 5, 1, '19,0', 'LCN', '1245.395,-2030.274,59.726,234.615', 7.9071),
(57, 522, 5, 1, '65,0', 'R 123 FC', '1273.338,-2008.338,58.608,215.671', 92.1173),
(58, 522, 5, 1, '65,0', 'R 123 FC', '1270.576,-2008.375,58.687,213.445', 119.969),
(59, 522, 5, 1, '65,0', 'Boo', '1263.156,-2008.503,58.901,208.498', 161.918),
(60, 522, 5, 1, '65,0', 'R 123 FC', '1268.671,-2008.463,58.743,212.559', 63.1476),
(61, 409, 5, 13, '65,65', 'LCN', '1249.072,-2043.333,59.534,268.234', 11.0239),
(62, 522, 5, 1, '65,0', 'R 123 FC', '1266.255,-2008.447,58.812,211.804', 65.2156),
(63, 411, 5, 5, '19,1', 'LCN', '1245.546,-2016.602,59.562,228.490', 85.8199),
(64, 411, 5, 5, '149,0', 'LCN', '1245.310,-2021.276,59.569,232.119', 59.9189),
(65, 545, 5, 11, '0,1', 'LCN', '1277.333,-2017.036,58.743,90.611', 17.3343),
(66, 579, 5, 1, '0,1', 'LCN', '1252.076,-2009.556,59.576,215.348', 0.561689),
(67, 579, 5, 1, '0,0', 'LCN', '1257.609,-2009.645,59.416,211.134', 0.7415),
(68, 421, 5, 1, '19,0', 'LCN', '1245.432,-2026.130,59.722,231.731', 14.8546),
(69, 545, 5, 11, '0,102', 'LCN', '1277.203,-2020.369,58.750,91.680', 22.3169),
(70, 487, 5, 12, '1,1', 'R 123 FC', '1117.045,-2056.478,74.597,179.839', 7.7784),
(71, 586, 7, 5, '1,9', '?????', '1506.697,-1752.666,13.067,355.260', 11.716),
(72, 586, 7, 18, '1,0', 'WoodyMer', '1439.687,-1844.977,13.064,4.493', 5.70378),
(73, 409, 7, 2, '1,0', 'WoodyMer', '1427.061,-1841.515,13.345,89.412', 0),
(74, 560, 7, 17, '0,1', 'MARSELLE', '1473.348,-1832.572,13.251,179.679', 18.1178),
(75, 421, 7, 1, '1,1', 'WoodyMer', '1457.525,-1844.858,13.293,0.861', 3.725),
(76, 421, 7, 1, '1,123', 'WoodyMer', '1461.258,-1844.890,13.343,359.664', 0.638611),
(77, 560, 7, 1, '1,65', 'Marselka', '1463.494,-1743.494,13.251,84.328', 70.9964),
(78, 409, 7, 2, '1,0', 'WoodyMer', '1426.848,-1845.619,13.319,91.299', 4.41057),
(79, 522, 6, 1, '6,6', 'R 123 FC', '1423.291,2872.777,10.378,269.574', 40.8051),
(80, 587, 6, 3, '6,9', 'Yakuza', '1421.885,2826.051,10.555,268.674', 63.7265),
(81, 569, 6, 1, '1,0', 'R 123 FC', '1422.583,2839.041,10.770,270.000', 0),
(82, 579, 6, 4, '6,1', 'Yakuza', '1422.375,2838.906,10.939,269.432', 24.3954),
(83, 560, 6, 4, '6,0', 'Yakuza', '1421.666,2851.635,10.524,269.885', 18.6253),
(84, 579, 6, 4, '6,0', 'Yakuza', '1422.333,2843.208,10.939,269.252', 13.5712),
(85, 560, 6, 3, '6,0', 'Yakuza', '1421.687,2847.520,10.524,269.733', 29.8343),
(86, 507, 6, 1, '6,1', 'Yakuza', '1422.530,2834.632,10.663,269.144', 18.8691),
(87, 522, 6, 2, '1,6', 'R 123 FC', '1423.597,2860.193,10.378,270.428', 26.2479),
(88, 522, 6, 2, '1,6', 'R 123 FC', '1423.364,2856.039,10.378,271.449', 234.032),
(89, 522, 6, 2, '1,6', 'R 123 FC', '1423.276,2864.677,10.376,271.230', 10.6885),
(90, 402, 6, 17, '6,6', 'Mike', '1454.270,2816.895,10.656,267.058', 43.8666),
(91, 522, 6, 2, '6,6', 'R 123 FC', '1423.375,2868.739,10.383,269.502', 34.9686),
(92, 409, 6, 13, '6,0', 'Yakuza', '1444.005,2817.458,10.621,269.687', 13.9281),
(93, 507, 6, 1, '6,1', 'Yakuza', '1422.390,2830.395,10.645,269.855', 2.49151),
(94, 487, 6, 5, '6,0', 'R 123 FC', '1521.843,2748.000,10.989,60.312', 0.126999),
(108, 416, 4, 1, '1,3', 'SF003MC', '-2640.769,586.520,14.602,43.707', 14.949),
(109, 416, 4, 1, '1,3', 'SF002MC', '-2633.322,587.356,14.600,43.284', 0.164994),
(110, 416, 4, 1, '93,1', 'Univer', '-2616.175,590.158,14.602,92.166', 0.098999),
(111, 598, 4, 1, '0,0', '?? SFMC', '-2629.235,627.674,14.196,176.544', 8.363),
(112, 598, 4, 1, '0,0', '?? SFMC', '-2633.675,627.820,14.196,175.682', 48.1125),
(113, 598, 4, 1, '3,1', 'SF001MC', '-2620.895,609.598,14.237,89.791', 12.5634),
(114, 487, 4, 10, '1,3', 'R 123 FC', '-2726.996,619.682,33.478,267.657', 4.284),
(115, 416, 4, 1, '1,3', 'SF001MC', '-2626.135,588.429,14.600,47.701', 0.21875),
(116, 598, 4, 1, '3,1', 'SF002MC', '-2620.906,604.867,14.225,90.009', 1.40568),
(117, 416, 4, 1, '93,1', 'Univer', '-2616.375,595.174,14.602,89.833', 1.8474),
(118, 416, 4, 1, '1,3', 'SF004MC', '-2648.072,585.989,14.600,38.187', 10.3043),
(119, 598, 4, 1, '1,106', '???-1', '-2616.237,626.223,14.199,91.372', 11.4689),
(120, 598, 4, 1, '1,106', '???-2', '-2616.187,620.885,14.196,90.833', 0.096),
(121, 598, 4, 1, '1,1', 'Dr.White', '-2641.216,636.281,14.201,130.425', 15.261),
(122, 468, 8, 10, '1,36', 'R 123 FC', '-1120.291,-1263.859,128.886,274.851', 43.4445),
(125, 478, 8, 8, '1,3', 'Farmers', '-1094.525,-1287.166,129.210,0.786', 9.177),
(126, 579, 8, 14, '1,1', 'Farmers', '-1064.510,-1217.931,129.149,272.122', 48.1679),
(127, 579, 8, 7, '1,25', 'Farmers', '-1119.145,-1272.317,129.147,274.207', 0.433165),
(128, 579, 8, 7, '1,25', 'Farmers', '-1118.744,-1279.958,129.151,272.471', 8.64242),
(129, 579, 8, 7, '1,25', 'Farmers', '-1118.567,-1286.369,129.151,272.342', 15.3022),
(132, 468, 8, 10, '1,36', 'R 123 FC', '-1120.062,-1265.630,128.886,275.983', 83.4876),
(133, 468, 8, 10, '1,36', 'R 123 FC', '-1120.369,-1262.083,128.886,278.480', 41.6226),
(134, 512, 8, 10, '1,36', 'R 123 FC', '-1026.609,-1118.628,129.505,269.338', 0),
(135, 532, 8, 3, '36,36', 'R 123 FC', '-1116.140,-1138.968,130.201,359.233', 2.14101),
(136, 532, 8, 3, '36,36', 'R 123 FC', '-1105.786,-1138.947,130.328,358.750', 27.1122),
(137, 532, 8, 3, '1,36', 'R 123 FC', '-1028.291,-1163.489,130.190,90.453', 19.11),
(138, 445, 9, 1, '6,79', 'CNN', '752.653,-1333.927,13.574,179.550', 1.874),
(139, 582, 9, 1, '6,79', 'R 123 FC', '737.882,-1349.369,13.751,269.338', 0.035245),
(140, 582, 9, 1, '6,79', 'R 123 FC', '738.104,-1344.437,13.753,270.126', 20.8312),
(141, 500, 9, 6, '6,6', 'CNN', '747.388,-1333.675,13.805,179.117', 0.849336),
(142, 500, 9, 17, '6,6', 'CNN', '762.979,-1333.526,13.812,177.082', 0),
(143, 488, 9, 1, '8,1', 'R 123 FC', '764.283,-1356.385,13.878,358.220', 0),
(144, 488, 9, 1, '8,8', 'R 123 FC', '779.924,-1355.953,13.880,359.489', 0),
(145, 445, 9, 10, '6,1', 'R 123 FC', '757.429,-1333.885,13.574,177.712', 0),
(146, 582, 9, 1, '6,79', 'R 123 FC', '737.981,-1333.911,13.758,270.127', 0),
(147, 582, 9, 3, '6,79', 'R 123 FC', '738.150,-1339.359,13.755,269.980', 0),
(158, 412, 12, 18, '0,117', 'Tawers', '1044.093,2148.966,10.656,180.580', 165.52),
(159, 569, 12, 1, '43,117', 'R 123 FC', '1052.139,2113.934,10.694,88.291', 0),
(160, 482, 12, 1, '0,117', 'SD', '1052.255,2135.229,10.935,89.761', 72.0792),
(161, 567, 12, 1, '3,3', 'Torrio', '1051.847,2126.322,10.689,94.192', 120.73),
(162, 439, 12, 10, '3,34', 'SD Baby', '1037.437,2143.227,10.715,179.391', 252.832),
(163, 439, 12, 1, '3,117', 'SD Baby', '1033.531,2143.144,10.715,181.630', 132.207),
(164, 482, 12, 1, '0,117', 'SD', '1052.306,2131.270,10.942,91.192', 33.6965),
(165, 566, 12, 1, '122,1', 'R 123 FC', '0.000,2099.322,10.602,86.208', 0),
(166, 567, 12, 1, '3,90', 'SD', '1051.848,2138.404,10.689,90.846', 186.148),
(167, 500, 11, 1, '7,7', '??????', '-2064.458,-108.097,35.423,177.330', 5.65978),
(168, 551, 11, 1, '7,7', 'PE 103 A', '-2064.197,-84.444,34.964,180.059', 68.1285),
(169, 426, 11, 5, '7,7', '??????', '-2081.062,-84.111,35.039,180.283', 6.64571),
(170, 426, 11, 5, '7,3', '??????', '-2076.903,-84.026,35.269,179.591', 66.6478),
(171, 551, 11, 1, '7,3', 'Director', '-2068.593,-84.410,34.964,180.419', 41.5897),
(172, 426, 11, 9, '127,3', '??????', '-2085.863,-84.138,35.282,181.667', 4.51931),
(173, 593, 11, 3, '3,1', 'R 123 FC', '-1211.322,-129.238,14.609,100.746', 0),
(174, 426, 11, 3, '2,3', 'R 123 FC', '-2041.229,-108.361,35.020,180.557', 7.28816),
(175, 500, 11, 1, '7,7', '??????', '-2059.572,-108.458,35.429,179.203', 13.3337),
(176, 487, 11, 7, '7,1', 'R 123 FC', '-2024.191,-267.566,35.541,92.360', 0),
(177, 511, 11, 10, '3,1', 'R 123 FC', '-1251.878,-48.589,15.663,46.000', 0),
(178, 593, 11, 3, '3,3', 'R 123 FC', '-2050.427,-109.244,35.729,181.445', 0),
(179, 593, 11, 3, '3,3', 'R 123 FC', '-1248.703,-85.524,14.699,95.998', 0),
(180, 487, 11, 10, '3,1', 'R 123 FC', '-1223.890,-10.767,14.413,44.000', 0),
(181, 569, 11, 10, '0,0', 'R 123 FC', '-2718.864,977.822,54.034,2.358', 0),
(182, 497, 2, 1, '0,0', 'R 123 FC', '-1680.828,706.125,30.864,270.000', 38.55),
(183, 522, 2, 1, '0,13', 'R 123 FC', '-1612.494,693.200,-5.670,178.697', 116.371),
(184, 597, 2, 2, '0,36', 'FBI-006', '-1600.296,673.723,6.953,178.968', 41.0887),
(185, 597, 2, 1, '0,36', 'FBI-004', '-1594.280,674.038,6.953,179.876', 59.9131),
(186, 597, 2, 1, '127,36', 'FBI-007', '-1588.041,673.992,6.953,179.108', 34.1145),
(187, 490, 2, 5, '127,127', 'FBI-001', '-1639.536,670.000,-5.111,269.411', 22.8438),
(188, 522, 2, 1, '127,13', 'R 123 FC', '-1596.010,692.833,-5.671,181.856', 351.946),
(189, 490, 2, 5, '0,0', 'FBI-002', '-1639.640,678.228,-5.111,269.971', 10.3306),
(190, 490, 2, 5, '0,0', 'FBI-003', '-1639.531,686.348,-5.111,270.065', 31.5721),
(191, 522, 2, 1, '0,13', 'R 123 FC', '-1600.255,693.007,-5.671,178.591', 232.677),
(192, 522, 2, 15, '1,6', 'R 123 FC', '-1599.875,677.526,-5.671,1.562', 328.15),
(193, 522, 2, 1, '127,13', 'R 123 FC', '-1617.020,693.096,-5.677,179.335', 99.7172),
(194, 415, 2, 1, '0,32', '232', '-1587.578,651.328,6.959,0.675', 64.659),
(195, 415, 2, 3, '127,127', '???? FBI', '-1575.901,650.942,6.959,359.773', 112.734),
(196, 415, 2, 3, '127,0', 'FBI', '-1581.816,651.025,6.953,0.000', 179.739),
(197, 522, 2, 1, '0,13', 'R 123 FC', '-1608.207,693.171,-5.664,180.619', 75.1725),
(198, 597, 2, 2, '0,36', 'FBI-008', '-1576.576,673.703,6.953,179.710', 29.5557),
(199, 597, 2, 1, '0,36', 'FBI-005', '-1582.239,673.877,6.958,179.944', 6.91088),
(200, 522, 2, 1, '0,13', 'R 123 FC', '-1604.139,693.062,-5.671,180.729', 192.359),
(201, 522, 2, 1, '127,13', 'R 123 FC', '-1620.958,693.228,-5.664,180.925', 104.028),
(202, 497, 1, 1, '0,1', 'S.A.P.D', '1547.979,-1610.203,13.659,57.256', 0),
(203, 497, 1, 1, '0,1', 'R 123 FC', '1566.588,-1611.498,13.559,181.061', 0),
(204, 523, 1, 2, '1,1', 'S.A.P.D', '1544.250,-1651.181,5.460,97.063', 37.7426),
(205, 523, 1, 1, '0,0', 'Klimov', '1546.359,-1645.510,5.460,91.803', 116.113),
(206, 523, 1, 1, '0,1', 'klimov', '1537.895,-1644.119,5.460,177.992', 60.2864),
(207, 596, 1, 1, '0,1', 'S.A.P.D', '1543.619,-1668.557,5.611,88.194', 56.846),
(208, 427, 1, 0, '0,1', 'S.A.P.D', '1530.462,-1645.279,6.019,180.630', 1.35743),
(209, 599, 1, 10, '0,1', 'S.A.P.D', '1529.473,-1687.916,6.077,270.746', 33.0047),
(210, 596, 1, 1, '0,1', 'S.A.P.D', '1543.842,-1662.686,5.611,80.847', 24.6416),
(211, 597, 1, 1, '0,1', 'S.A.P.D', '1544.046,-1676.619,5.657,89.036', 42.6622),
(212, 596, 1, 1, '0,1', 'S.A.P.D', '1544.520,-1671.937,5.611,93.983', 27.6559),
(213, 523, 1, 2, '0,1', 'klimov', '1533.150,-1646.373,5.464,181.516', 64.3034),
(214, 599, 1, 10, '0,1', 'S.A.P.D', '1529.375,-1683.348,6.077,272.778', 40.0477),
(215, 427, 1, 12, '0,1', 'S.A.P.D', '1526.566,-1644.843,6.019,174.910', 11.8977),
(216, 601, 1, 12, '0,1', 'S.A.P.D', '1544.630,-1684.218,5.649,88.625', 12.4039),
(217, 596, 1, 1, '0,1', 'S.A.P.D', '1544.885,-1658.916,5.611,88.661', 15.5746),
(218, 596, 1, 1, '0,1', 'S.A.P.D', '1544.504,-1655.098,5.611,90.916', 10.9049),
(219, 601, 1, 5, '0,1', 'S.A.P.D', '1545.041,-1680.307,5.649,82.944', 19.8478),
(220, 470, 3, 2, '86,86', 'R 123 FC', '193.554,1920.509,17.750,179.750', 23.4923),
(221, 431, 3, 4, '86,86', 'R 123 FC', '131.179,1851.545,17.804,90.744', 4.543),
(222, 497, 3, 3, '86,86', 'R 123 FC', '334.506,1927.489,17.815,124.591', 8.47123),
(223, 470, 3, 2, '44,44', 'R 123 FC', '211.315,1920.635,17.631,180.076', 45.8582),
(224, 433, 3, 3, '44,44', 'R 123 FC', '282.247,2044.343,18.079,269.463', 0.180197),
(225, 433, 3, 3, '44,44', 'R 123 FC', '282.200,2051.437,18.082,271.143', 0.970358),
(226, 520, 3, 6, '44,44', 'R 123 FC', '314.696,2050.729,18.363,182.139', 80.8457),
(227, 470, 3, 6, '86,86', 'R 123 FC', '225.731,1823.187,17.634,179.408', 0),
(228, 432, 3, 5, '44,44', 'R 123 FC', '277.088,2023.760,17.649,270.928', 12.0752),
(229, 470, 3, 5, '44,44', 'R 123 FC', '217.018,1823.384,17.638,179.597', 0.408998),
(230, 597, 3, 9, '1,1', 'Y601KK', '120.930,1927.437,18.871,267.864', 73.8546),
(231, 520, 3, 6, '44,44', 'R 123 FC', '302.256,2050.375,18.363,180.037', 185.057),
(232, 425, 3, 5, '44,44', 'R 123 FC', '336.582,1950.234,18.489,133.000', 102.865),
(233, 425, 3, 5, '44,44', 'R 123 FC', '339.286,1977.269,18.180,136.572', 31.395),
(234, 432, 3, 5, '44,44', 'R 123 FC', '275.523,1989.880,17.649,272.355', 14.684),
(235, 490, 3, 5, '44,44', 'R 123 FC', '124.554,1907.810,19.024,56.000', 27.8287),
(236, 490, 3, 5, '44,44', 'R 123 FC', '124.208,1900.427,18.868,55.000', 15.9826),
(237, 597, 3, 1, '44,44', 'R 123 FC', '221.559,1854.781,12.678,5.309', 50.6452),
(238, 597, 3, 1, '44,44', 'Boo', '174.908,1823.203,17.510,180.998', 81.9459),
(239, 597, 3, 1, '44,44', 'R 123 FC', '215.197,1854.333,12.652,3.236', 167.476),
(240, 470, 3, 1, '44,44', 'R 123 FC', '243.432,1823.046,17.750,180.000', 1.03065),
(241, 470, 3, 1, '86,44', 'R 123 FC', '234.858,1823.010,17.756,180.000', 0),
(242, 470, 3, 2, '44,44', 'R 123 FC', '202.369,1920.608,17.631,180.457', 52.9425),
(243, 409, 10, 5, '6,6', 'Taxi', '-1720.114,1012.145,17.385,88.971', 41.6424),
(244, 438, 10, 2, '6,104', 'Taxi', '-1704.197,1011.937,17.590,270.209', 91.8852),
(245, 418, 10, 1, '6,1', 'Taxi', '-1718.774,1036.682,17.711,89.624', 9.30076),
(246, 420, 10, 3, '6,1', 'Taxi', '-1704.432,1036.723,17.364,270.670', 62.7592),
(247, 438, 10, 2, '6,1', 'Taxi', '-1704.151,1008.044,17.364,270.881', 1.00349),
(248, 420, 10, 3, '6,1', 'Taxi', '-1704.453,1024.364,17.197,269.250', 81.965),
(249, 420, 10, 3, '6,1', 'Taxi', '-1704.442,1028.483,17.197,269.743', 2.66578),
(250, 420, 10, 3, '6,1', 'Taxi', '-1704.383,1032.628,17.197,269.743', 7.25991),
(251, 438, 10, 2, '6,1', 'Taxi', '-1704.166,999.814,17.576,270.000', 14.177),
(252, 438, 10, 2, '6,2', 'Taxi', '-1704.051,1003.757,17.576,268.993', 4.05483),
(253, 487, 10, 4, '6,6', 'R 123 FC', '-1760.243,976.265,96.109,232.000', 0),
(254, 482, 17, 1, '12,1', 'RifaBaby', '-2114.802,-139.171,35.437,89.597', 33.2324),
(255, 482, 17, 1, '12,1', 'RifaBaby', '-2115.322,-122.083,35.437,91.535', 14.2244),
(256, 482, 17, 1, '12,1', 'RifaBaby', '-2115.031,-130.813,35.437,90.999', 32.3032),
(257, 482, 17, 1, '12,1', 'RifaBaby', '-2114.854,-143.412,35.476,90.708', 251.174),
(258, 482, 17, 1, '12,1', 'RifaBaby', '-2114.927,-135.216,35.437,90.300', 30.8787),
(259, 482, 17, 1, '12,1', 'RifaBaby', '-2115.104,-126.777,35.436,92.804', 54.6135),
(260, 579, 17, 1, '12,86', 'Rifa', '-2146.270,-189.285,35.250,268.682', 257.631),
(261, 579, 17, 1, '12,86', 'Rifa', '-2146.228,-185.462,35.254,269.954', 122.07),
(262, 551, 17, 1, '12,126', 'Rifa', '-2146.624,-199.001,35.118,268.377', 67.8768),
(263, 551, 17, 1, '12,2', 'Leader', '-2146.612,-193.817,35.118,268.528', 70.9898),
(264, 468, 17, 2, '12,1', 'Rifa', '-2147.392,-178.429,34.986,322.561', 482.529),
(265, 470, 3, 5, '1,86', 'NGSA', '220.337,1920.468,17.631,180.242', 12.7596),
(266, 497, 3, 6, '86,86', 'R 123 FC', '334.674,1910.066,17.822,126.444', 10.3665),
(267, 482, 16, 4, '0,5', 'E10S', '914.348,-1068.369,24.596,182.632', 0.464473),
(268, 567, 16, 4, '0,5', 'E09S', '921.489,-1063.853,24.165,178.759', 226.628),
(269, 482, 16, 1, '18,0', 'E05S', '921.041,-1076.962,24.409,180.572', 113.981),
(270, 468, 17, 3, '12,0', 'R 123 FC', '-2145.152,-178.643,34.986,319.420', 604.968);

-- --------------------------------------------------------

--
-- Структура таблицы `ganginfo`
--

CREATE TABLE IF NOT EXISTS `ganginfo` (
  `fracID` int(3) NOT NULL,
  `gRespect` int(5) NOT NULL,
  `gPosX` double NOT NULL,
  `gPosY` double NOT NULL,
  `gPosZ` double NOT NULL
) ENGINE=MyISAM DEFAULT CHARSET=utf8;

--
-- Дамп данных таблицы `ganginfo`
--

INSERT INTO `ganginfo` (`fracID`, `gRespect`, `gPosX`, `gPosY`, `gPosZ`) VALUES
(16, 710, 915.138, -1107.956665, 24.274848),
(15, 1288, 1752.906616, -1894.180419, 13.557303),
(17, 736, -2113.330078, -178.700683, 35.320301),
(18, 822, 2768.478515, -1620.089965, 10.9272),
(14, 1149, 2490.039794, -1650.672485, 13.513792),
(12, 649, 1054.817504, 2152.447753, 10.8203);

-- --------------------------------------------------------

--
-- Структура таблицы `gate`
--

CREATE TABLE IF NOT EXISTS `gate` (
  `id` int(11) NOT NULL AUTO_INCREMENT,
  `attach` int(11) NOT NULL,
  `allowed` int(11) NOT NULL,
  `mode` int(11) NOT NULL,
  PRIMARY KEY (`id`)
) ENGINE=MyISAM DEFAULT CHARSET=utf8 AUTO_INCREMENT=1 ;

-- --------------------------------------------------------

--
-- Структура таблицы `gate_leaf`
--

CREATE TABLE IF NOT EXISTS `gate_leaf` (
  `gate_id` int(11) NOT NULL,
  `object` int(11) NOT NULL,
  `type` int(11) NOT NULL,
  `close_pos` varchar(255) NOT NULL,
  `open_pos` varchar(255) NOT NULL
) ENGINE=MyISAM DEFAULT CHARSET=utf8;

-- --------------------------------------------------------

--
-- Структура таблицы `gate_pickup`
--

CREATE TABLE IF NOT EXISTS `gate_pickup` (
  `gate_id` int(11) NOT NULL,
  `model` int(11) NOT NULL,
  `pos` varchar(255) NOT NULL
) ENGINE=MyISAM DEFAULT CHARSET=utf8;

-- --------------------------------------------------------

--
-- Структура таблицы `houses`
--

CREATE TABLE IF NOT EXISTS `houses` (
  `id` int(11) NOT NULL AUTO_INCREMENT,
  `owned` int(11) NOT NULL,
  `locked` int(11) NOT NULL,
  `owner` varchar(24) NOT NULL,
  `description` varchar(28) NOT NULL,
  `price` int(11) NOT NULL,
  `level` int(11) NOT NULL DEFAULT '3',
  `interior` int(11) NOT NULL,
  `date` int(11) NOT NULL,
  `tv` int(11) NOT NULL DEFAULT '0',
  `rent` varchar(125) NOT NULL DEFAULT '0,100',
  `safe` varchar(255) NOT NULL DEFAULT '0,0,0,0,0',
  `safe_weap` varchar(255) NOT NULL DEFAULT '0,0,0,0,0,0',
  `safe_ammo` varchar(255) NOT NULL DEFAULT '0,0,0,0,0,0',
  `enter` varchar(255) NOT NULL DEFAULT '0.0,0.0,0.0,0.0',
  `exit` varchar(255) NOT NULL DEFAULT '0.0,0.0,0.0,0.0',
  `vehicle` int(11) NOT NULL DEFAULT '0',
  `vehicle_color` varchar(10) NOT NULL DEFAULT '0,0',
  `vehicle_park` int(11) NOT NULL DEFAULT '0',
  `vehicle_mileage` double NOT NULL DEFAULT '0',
  `vehicle_tuning` varchar(255) NOT NULL DEFAULT '0,0,0,0,0,0,0,0,0,0,0,0,0,0,3',
  `vehicle_spawn` varchar(255) NOT NULL DEFAULT '0.0,0.0,0.0,0.0',
  PRIMARY KEY (`id`)
) ENGINE=MyISAM  DEFAULT CHARSET=utf8 AUTO_INCREMENT=3 ;

--
-- Дамп данных таблицы `houses`
--

INSERT INTO `houses` (`id`, `owned`, `locked`, `owner`, `description`, `price`, `level`, `interior`, `date`, `tv`, `rent`, `safe`, `safe_weap`, `safe_ammo`, `enter`, `exit`, `vehicle`, `vehicle_color`, `vehicle_park`, `vehicle_mileage`, `vehicle_tuning`, `vehicle_spawn`) VALUES
(1, 1, 1, 'Legal_Porno', 'Temple', 5000, 1, 6, 1454625048, 0, '0', '0,0,0,0,0', '0,0,0,0,0,0', '0,0,0,0,0,0', '1325.961,-1066.578,31.554,272.157', '-68.849,1351.437,1080.208,357.946', 0, '0,0', 0, 0, '0,0,0,0,0,0,0,0,0,0,0,0,0,0,3', '0.000,0.000,0.000,0.000'),
(2, 0, 1, 'The State', 'Downtown Los Santos', 1, 1, 5, 0, 0, '0', '0,0,0,0,0', '0,0,0,0,0,0', '0,0,0,0,0,0', '1381.837,-1088.885,27.888,95.291', '140.216,1366.302,1083.859,2.960', 0, '0,0', 0, 0, '0,0,0,0,0,0,0,0,0,0,0,0,0,0,3', '0.000,0.000,0.000,0.000');

-- --------------------------------------------------------

--
-- Структура таблицы `houses_garage`
--

CREATE TABLE IF NOT EXISTS `houses_garage` (
  `house` int(11) NOT NULL DEFAULT '0',
  `intpos` varchar(125) NOT NULL DEFAULT '0.0,0.0,0.0,0.0',
  `streetpos` varchar(125) NOT NULL DEFAULT '0.0,0.0,0.0,0.0'
) ENGINE=MyISAM DEFAULT CHARSET=utf8;

-- --------------------------------------------------------

--
-- Структура таблицы `login_info`
--

CREATE TABLE IF NOT EXISTS `login_info` (
  `user_id` int(11) NOT NULL,
  `login_date` int(11) NOT NULL,
  `user_ip` varchar(16) NOT NULL
) ENGINE=MyISAM DEFAULT CHARSET=utf8;

--
-- Дамп данных таблицы `login_info`
--

INSERT INTO `login_info` (`user_id`, `login_date`, `user_ip`) VALUES
(1, 123465, '127.0.0.1'),
(1, 1156456165, '127.0.0.1'),
(1, 1156456165, '127.0.0.1'),
(1, 1156456165, '127.0.0.1'),
(1, 1156456165, '127.0.0.1'),
(1, 1156456165, '127.0.0.1'),
(1, 1156456165, '127.0.0.1'),
(1, 1156456165, '127.0.0.1'),
(1, 1156456165, '127.0.0.1');

-- --------------------------------------------------------

--
-- Структура таблицы `maps`
--

CREATE TABLE IF NOT EXISTS `maps` (
  `id` int(11) NOT NULL AUTO_INCREMENT,
  `map_file` varchar(36) NOT NULL DEFAULT 'noname',
  `map_world` int(11) NOT NULL DEFAULT '-1',
  `map_int` int(11) NOT NULL DEFAULT '-1',
  PRIMARY KEY (`id`)
) ENGINE=MyISAM DEFAULT CHARSET=utf8 AUTO_INCREMENT=1 ;

-- --------------------------------------------------------

--
-- Структура таблицы `pickups`
--

CREATE TABLE IF NOT EXISTS `pickups` (
  `id` int(11) NOT NULL AUTO_INCREMENT,
  `models` varchar(24) NOT NULL DEFAULT '0,0',
  `types` varchar(6) NOT NULL DEFAULT '23,23',
  `interiors` varchar(24) NOT NULL DEFAULT '0,0',
  `worlds` varchar(24) NOT NULL DEFAULT '0,0',
  `portal1` varchar(128) NOT NULL DEFAULT '0.0,0.0,0.0,0.0',
  `portal2` varchar(128) NOT NULL DEFAULT '0.0,0.0,0.0,0.0',
  `allowed` int(11) NOT NULL DEFAULT '2097151',
  PRIMARY KEY (`id`)
) ENGINE=MyISAM  DEFAULT CHARSET=utf8 AUTO_INCREMENT=59 ;

--
-- Дамп данных таблицы `pickups`
--

INSERT INTO `pickups` (`id`, `models`, `types`, `interiors`, `worlds`, `portal1`, `portal2`, `allowed`) VALUES
(1, '1318,1318', '23,23', '0,0', '0,0', '126.3458,1940.4538,19.3176,182.7843', '126.1688,1942.8103,19.3271,356.0403', 8),
(2, '1318,1318', '23,23', '0,0', '0,0', '284.5834,1826.0229,17.6406,92.2561', '287.0035,1826.0943,17.6406,271.3905', 8),
(3, '1318,1318', '23,23', '0,3', '0,2', '-1605.3988,711.5706,13.8670,354.9873', '288.6755,168.2138,1007.1718,2.4126', 2097151),
(4, '1318,1318', '23,23', '3,0', '2,0', '238.6497,187.7434,1004.4995,0.0000', '-1606.2727,672.3792,-5.2421,2.5997', 398),
(5, '1318,1318', '23,23', '0,0', '0,0', '-1716.1728,1018.1762,17.5858,94.4845', '-1744.4354,974.9534,95.8436,9.9628', 2096384),
(6, '1318,1318', '23,23', '0,3', '0,10', '-1707.2895,1018.0202,17.5858,274.3597', '1494.5163,1304.0063,1093.2889,358.5032', 1280),
(7, '1318,1318', '23,23', '0,15', '0,1', '2232.7856,-1159.8708,25.8906,91.8248', '2214.5187,-1150.5522,1025.7967,259.5120', 2097151),
(8, '1318,1318', '23,23', '0,6', '0,1', '1554.7365,-1675.7625,16.1952,91.2686', '246.8204,63.3518,1003.6406,359.3815', 2097151),
(9, '1318,1318', '23,23', '0,6', '0,1', '1525.0185,-1677.8022,5.8906,269.7218', '246.3000,87.4505,1003.6406,180.7848', 2097151),
(10, '1318,1318', '23,23', '0,1', '0,1', '2628.2663,2348.8129,10.8203,205.0918', '2266.1958,1647.6706,1084.2342,280.0350', 2097151),
(11, '1318,1318', '23,23', '0,3', '0,11', '-2026.5405,-101.6508,35.1640,5.4882', '-2027.0362,-104.0298,1035.1717,125.0354', 2097151),
(12, '1318,1318', '23,23', '3,0', '11,0', '-2029.8018,-119.4363,1035.1718,358.1247', '-2029.7584,-121.0223,35.1749,178.4967', 2304),
(13, '1239,1239', '14,14', '0,0', '0,0', '138.7881,1938.6958,18.6928,178.1027', '131.0204,1944.7701,18.7460,357.9666', 264),
(14, '1239,1239', '14,14', '0,0', '0,0', '282.4526,1818.4969,17.1138,89.9340', '289.5065,1823.7950,17.1245,270.2102', 8),
(18, '1318,1318', '23,23', '0,3', '0,13', '-2721.0422,-320.5293,7.8437,52.7704', '967.9517,-53.2380,1001.1245,90.3904', 2097151),
(19, '1318,1318', '23,23', '0,7', '0,13', '-2717.9592,-317.4702,7.8436,48.6859', '773.8535,-78.5875,1000.6624,355.6697', 8192),
(20, '1318,1318', '23,23', '0,3', '0,18', '2770.9785,-1628.3645,12.1774,270.1352', '1212.1234,-26.4460,1000.9531,180.7848', 2097151),
(21, '1318,1318', '23,23', '0,7', '0,18', '2795.4645,-1619.3811,10.9218,80.9162', '774.0668,-78.3359,1000.6620,355.0320', 262144),
(22, '1318,1318', '23,23', '0,3', '0,14', '2495.3452,-1690.9594,14.7656,5.4884', '2496.1284,-1692.5765,1014.7421,181.3494', 16384),
(23, '1318,1318', '23,23', '0,3', '0,14', '2486.6013,-1645.3737,14.0771,179.3008', '1212.2446,-26.4562,1000.9531,178.0632', 2097151),
(24, '1318,1318', '23,23', '0,3', '0,15', '1752.8088,-1920.9492,13.5718,267.5382', '1212.0568,-26.1730,1000.9531,175.0319', 2097151),
(25, '1318,1318', '23,23', '0,1', '0,15', '1752.7106,-1929.9291,13.5761,264.1974', '965.1867,2107.9130,1011.0302,85.8744', 32768),
(26, '1318,1318', '23,23', '0,1', '0,16', '898.7741,-1068.9196,24.4708,180.7467', '2169.2438,1589.9193,999.9713,268.9154', 65792),
(27, '1318,1318', '23,23', '0,3', '0,16', '940.6262,-1085.4197,24.2961,184.2124', '1212.0244,-26.0727,1000.9531,175.9058', 2097151),
(28, '1318,1318', '23,23', '0,3', '0,17', '-2129.1259,-188.3625,35.3203,93.8477', '1212.1633,-26.1714,1000.9531,180.6596', 2097151),
(29, '1318,1318', '23,23', '0,2', '0,17', '-2119.5820,-194.8367,35.3203,175.7724', '2531.6909,-1281.9804,1048.2890,267.4755', 131328),
(30, '1318,1318', '23,23', '0,3', '0,19', '1054.8111,2148.2387,10.8203,91.4977', '1212.0933,-26.1784,1000.9531,177.1975', 2097151),
(49, '1318,1318', '23,23', '0,3', '0,4', '-2654.9980,639.6311,14.4545,176.4074', '350.0777,178.4267,1019.9843,176.5967', 272),
(32, '1318,1318', '23,23', '0,3', '0,4', '-2647.5991,695.9077,27.9380,3.5259', '344.8168,178.3503,1019.9843,182.1633', 2097151),
(33, '1318,1318', '23,23', '0,3', '0,7', '1481.0059,-1771.0009,18.7957,0.2289', '389.6198,173.7430,1008.3828,89.0596', 2097151),
(35, '1318,1318', '23,23', '0,3', '0,7', '1433.0720,-1825.2907,13.5468,181.7532', '350.1752,178.0149,1014.1875,180.5154', 2097151),
(36, '1318,1318', '23,23', '0,2', '0,7', '1449.2885,-1848.2253,13.5468,359.2184', '1205.1057,-13.0363,1000.9218,266.9870', 2097151),
(44, '1318,1318', '23,23', '0,7', '0,555', '171.4853,1834.7568,17.6406,91.8134', '315.7105,-143.4929,999.6015,1.1633', 270),
(39, '1318,1318', '23,23', '0,18', '0,20', '-1068.9881,-1205.4760,129.2187,93.6811', '-228.7407,1401.2897,27.7656,276.0937', 2097151),
(41, '1318,1318', '23,23', '0,0', '0,0', '1572.8089,-1337.5773,16.4843,314.7733', '1548.6309,-1363.9036,326.2182,170.9089', 2097151),
(42, '1318,1318', '23,23', '0,2', '0,17', '1123.3492,-2036.9376,69.8872,269.9063', '2523.5314,-1285.9849,1054.6406,268.8905', 2097151),
(43, '1318,1318', '23,23', '0,1', '0,9', '751.8729,-1358.6772,13.6997,355.8557', '372.4367,267.8677,1008.6359,358.9736', 512),
(45, '1318,1318', '23,23', '0,5', '0,15', '2166.3508,-1671.5994,15.0739,217.7450', '318.7140,1114.7126,1083.8828,356.8437', 2097137),
(46, '1318,1318', '23,23', '0,5', '0,16', '1456.5606,2773.3244,10.8203,271.2508', '1298.7918,-796.3441,1084.0078,355.2457', 2097151),
(47, '1318,1318', '23,23', '5,0', '16,0', '1266.3859,-782.3435,1084.0078,359.9557', '1429.6241,2773.9333,14.8203,85.4048', 2097151),
(48, '1318,1318', '23,23', '0,4', '0,116', '153.9245,1844.7767,17.6406,346.2503', '460.3152,-88.6714,999.5546,89.5344', 2097151),
(50, '1318,1318', '23,23', '0,0', '0,0', '1477.1219,-1881.2668,13.5468,6.4250', '1489.5097,-1892.3513,22.2177,92.3092', 2097151),
(51, '1318,1318', '23,23', '0,2', '0,2', '-1826.7545,39.7884,15.1227,267.8974', '2575.7238,-1280.7912,1044.1250,174.8654', 524287),
(52, '1318,1318', '23,23', '0,5', '0,19', '1086.0355,2121.7019,10.8203,178.1205', '772.2946,-5.0911,1000.7286,5.9305', 524544),
(53, '1318,1318', '23,23', '0,10', '0,999', '2019.7500,1007.7987,10.8203,274.8092', '2018.4882,1017.9151,996.8750,85.8797', 2097151),
(54, '1318,1318', '23,23', '0,3', '0,999', '1940.4737,-2115.9375,13.6953,286.2575', '-100.2522,-24.8532,1000.7187,352.6848', 2097151),
(55, '1318,1318', '23,23', '0,18', '0,102', '-89.1796,1378.3714,10.4698,288.2737', '-229.1064,1401.2521,27.7656,260.4080', 2097151),
(56, '1318,1318', '23,23', '0,1', '0,9', '647.7174,-1354.0559,13.5550,91.2660', '401.1452,291.8439,1008.6359,90.4896', 524287);

-- --------------------------------------------------------

--
-- Структура таблицы `spawns`
--

CREATE TABLE IF NOT EXISTS `spawns` (
  `id` int(11) NOT NULL AUTO_INCREMENT,
  `interior` int(3) NOT NULL,
  `virtualworld` int(11) NOT NULL,
  `spawn_x` double NOT NULL,
  `spawn_y` double NOT NULL,
  `spawn_z` double NOT NULL,
  `spawn_a` double NOT NULL,
  PRIMARY KEY (`id`)
) ENGINE=MyISAM  DEFAULT CHARSET=utf8 AUTO_INCREMENT=4 ;

--
-- Дамп данных таблицы `spawns`
--

INSERT INTO `spawns` (`id`, `interior`, `virtualworld`, `spawn_x`, `spawn_y`, `spawn_z`, `spawn_a`) VALUES
(1, 15, 1, 2225.863, -1149.376, 1025.796, 92.245),
(2, 1, 1, 2268.723388, 1631.889526, 1084.2406, 0.396699),
(3, 0, 0, 1393.6034, -1897.708, 13.499, 92.1443);

-- --------------------------------------------------------

--
-- Структура таблицы `stuffs`
--

CREATE TABLE IF NOT EXISTS `stuffs` (
  `TaxValue` int(11) NOT NULL,
  `PDrugs` int(11) NOT NULL,
  `ADrugs` int(11) NOT NULL,
  `fmetal` int(11) NOT NULL,
  `ffuel` int(11) NOT NULL,
  `fprods` int(11) NOT NULL,
  `regged` int(1) NOT NULL DEFAULT '0'
) ENGINE=MyISAM DEFAULT CHARSET=utf8;

--
-- Дамп данных таблицы `stuffs`
--

INSERT INTO `stuffs` (`TaxValue`, `PDrugs`, `ADrugs`, `fmetal`, `ffuel`, `fprods`, `regged`) VALUES
(20, 4140, 6584, 55547, 5555515, 55563, 1);

-- --------------------------------------------------------

--
-- Структура таблицы `users`
--

CREATE TABLE IF NOT EXISTS `users` (
  `ID` int(4) NOT NULL AUTO_INCREMENT,
  `Name` varchar(24) NOT NULL,
  `Key` varchar(65) NOT NULL,
  `Level` int(5) NOT NULL DEFAULT '1',
  `Admin` int(4) NOT NULL,
  `Helper` int(3) NOT NULL,
  `Vip` int(4) NOT NULL,
  `Reg` int(3) NOT NULL,
  `Sex` int(3) NOT NULL,
  `Age` int(3) NOT NULL,
  `Origin` int(3) NOT NULL,
  `Muted` int(3) NOT NULL,
  `Exp` int(11) NOT NULL,
  `Money` int(11) NOT NULL,
  `Bank` int(11) NOT NULL,
  `Crimes` int(11) NOT NULL,
  `Kill` int(4) NOT NULL,
  `Time` int(11) NOT NULL,
  `Deaths` int(4) NOT NULL,
  `Arrested` int(4) NOT NULL,
  `WLevel` int(10) NOT NULL,
  `WDeaths` int(4) NOT NULL,
  `PhoneBook` int(4) NOT NULL,
  `LottoNr` int(11) NOT NULL,
  `Job` int(4) NOT NULL,
  `PayCheck` int(11) NOT NULL,
  `Jailed` int(4) NOT NULL,
  `JailTime` int(11) NOT NULL,
  `Mats` int(11) NOT NULL,
  `Drugs` int(11) NOT NULL,
  `Leader` int(11) NOT NULL,
  `Member` int(11) NOT NULL,
  `Rank` int(11) NOT NULL,
  `Char` int(11) NOT NULL,
  `Contract` int(11) NOT NULL,
  `skill` varchar(255) NOT NULL DEFAULT '0,0,0,0,0,0,0,0',
  `Local` int(11) NOT NULL DEFAULT '0',
  `Number` int(11) NOT NULL,
  `House` int(11) NOT NULL DEFAULT '65535',
  `Busines` int(11) NOT NULL DEFAULT '65535',
  `licenses` varchar(16) NOT NULL DEFAULT '0,0,0,0',
  `CarTime` int(11) NOT NULL,
  `PayDay` int(11) NOT NULL,
  `PayDayHad` int(11) NOT NULL,
  `CDPlayer` int(11) NOT NULL,
  `MutedTime` int(11) NOT NULL,
  `Warns` int(11) NOT NULL,
  `Fuel` int(11) NOT NULL,
  `Fightstyle` int(4) NOT NULL,
  `Banned` int(4) NOT NULL,
  `Test` int(5) NOT NULL,
  `Rebuke` int(11) NOT NULL,
  `Passport` varchar(128) NOT NULL DEFAULT '0,0,0',
  `Online` int(11) NOT NULL DEFAULT '0',
  PRIMARY KEY (`ID`)
) ENGINE=MyISAM  DEFAULT CHARSET=utf8 AUTO_INCREMENT=4 ;

--
-- Дамп данных таблицы `users`
--

INSERT INTO `users` (`ID`, `Name`, `Key`, `Level`, `Admin`, `Helper`, `Vip`, `Reg`, `Sex`, `Age`, `Origin`, `Muted`, `Exp`, `Money`, `Bank`, `Crimes`, `Kill`, `Time`, `Deaths`, `Arrested`, `WLevel`, `WDeaths`, `PhoneBook`, `LottoNr`, `Job`, `PayCheck`, `Jailed`, `JailTime`, `Mats`, `Drugs`, `Leader`, `Member`, `Rank`, `Char`, `Contract`, `skill`, `Local`, `Number`, `House`, `Busines`, `licenses`, `CarTime`, `PayDay`, `PayDayHad`, `CDPlayer`, `MutedTime`, `Warns`, `Fuel`, `Fightstyle`, `Banned`, `Test`, `Rebuke`, `Passport`, `Online`) VALUES
(1, 'Denis_Morgan', 'A95B3B6B7C5F8F1D82F97186E117C942658C0475DEA8E63E9C95CF0474515DC0', 1, 5, 0, 0, 1, 1, 0, 1, 0, 2, 4393, 11580, 1, 0, 2, 2, 0, 0, 0, 0, 0, 0, 0, 0, 0, 0, 0, 16, 0, 21, 103, 0, '0,0,0,0,0,0,0,0', 0, 0, 65535, 65535, '1,1,1,1', 0, 1, 0, 0, 0, 0, 0, 4, 0, 0, 0, '1,1393378302,1398562302', 1398549996),
(2, 'Bon_Bon', 'A95B3B6B7C5F8F1D82F97186E117C942658C0475DEA8E63E9C95CF0474515DC0', 1, 0, 0, 0, 1, 1, 0, 1, 0, 0, 5000, 10000, 0, 0, 0, 0, 0, 0, 0, 0, 0, 0, 0, 0, 0, 0, 0, 0, 0, 0, 78, 0, '0,0,0,0,0,0,0,0', 0, 0, 65535, 65535, '1,1,1,1', 0, 0, 0, 0, 0, 0, 0, 7, 0, 0, 0, '0,0,0', 1398550004),
(3, 'Legal_Porno', 'A95B3B6B7C5F8F1D82F97186E117C942658C0475DEA8E63E9C95CF0474515DC0', 99, 5, 0, 0, 1, 2, 0, 1, 0, 1, 949569990, 9979, 0, 0, 1, 0, 0, 0, 0, 0, 0, 0, 0, 0, 0, 0, 0, 7, 0, 18, 187, 0, '0,0,0,0,0,0,0,0', 0, 0, 1, 51, '1,1,1,1', 0, 3, 0, 0, 0, 0, 0, 5, 0, 0, 0, '1,1449916564,1455100564', 1454625284);

-- --------------------------------------------------------

--
-- Структура таблицы `vehicles`
--

CREATE TABLE IF NOT EXISTS `vehicles` (
  `ID` int(4) NOT NULL AUTO_INCREMENT,
  `Model` int(3) NOT NULL DEFAULT '400',
  `pX` double NOT NULL,
  `pY` double NOT NULL,
  `pZ` double NOT NULL,
  `pA` double NOT NULL,
  `col1` int(3) NOT NULL DEFAULT '-1',
  `col2` int(3) NOT NULL DEFAULT '-1',
  `resp` int(11) NOT NULL DEFAULT '600',
  `job` int(11) NOT NULL DEFAULT '0',
  `aM` double DEFAULT '0',
  `tuning` varchar(128) CHARACTER SET cp1251 NOT NULL DEFAULT '0,0,0,0,0,0,0,0,0,0,0,0,0,0,3',
  PRIMARY KEY (`ID`)
) ENGINE=MyISAM  DEFAULT CHARSET=utf8 ROW_FORMAT=DYNAMIC AUTO_INCREMENT=239 ;

--
-- Дамп данных таблицы `vehicles`
--

INSERT INTO `vehicles` (`ID`, `Model`, `pX`, `pY`, `pZ`, `pA`, `col1`, `col2`, `resp`, `job`, `aM`, `tuning`) VALUES
(146, 525, -74.444198, -1153.585693, 1.6296, 152.599502, 1, 1, 600, 6, 0, '0,0,0,0,0,0,0,0,0,0,0,0,0,0,3'),
(147, 525, -68.710197, -1156.248535, 1.626798, 152.498199, 1, 1, 600, 6, 0, '0,0,0,0,0,0,0,0,0,0,0,0,0,0,3'),
(148, 525, -63.136901, -1159.270385, 1.6325, 150.886398, 1, 1, 600, 6, 0, '0,0,0,0,0,0,0,0,0,0,0,0,0,0,3'),
(149, 525, -93.266502, -1194.87915, 2.1538, 344.614868, 1, 1, 600, 6, 0, '0,0,0,0,0,0,0,0,0,0,0,0,0,0,3'),
(150, 525, -87.170097, -1196.870971, 2.177098, 344.998687, 1, 1, 600, 6, 0, '0,0,0,0,0,0,0,0,0,0,0,0,0,0,3'),
(151, 525, -81.240898, -1199.075927, 2.252599, 344.989105, 1, 1, 600, 6, 0, '0,0,0,0,0,0,0,0,0,0,0,0,0,0,3'),
(152, 525, -1921.024047, 301.829895, 41.036899, 220, 1, 1, 600, 6, 0, '0,0,0,0,0,0,0,0,0,0,0,0,0,0,3'),
(153, 525, -1920.932006, 294.039001, 41.036899, 219.995681, 1, 1, 600, 6, 0, '0,0,0,0,0,0,0,0,0,0,0,0,0,0,3'),
(154, 525, -1921.156005, 285.812896, 41.036899, 219.995681, 1, 1, 600, 6, 0, '0,0,0,0,0,0,0,0,0,0,0,0,0,0,3'),
(155, 525, -1921.667846, 278.00299, 41.036899, 219.995681, 1, 1, 600, 6, 1.859452, '0,0,0,0,0,0,0,0,0,0,0,0,0,0,3'),
(156, 525, -1921.676025, 243.759002, 41.036899, 359.995666, 1, 1, 600, 6, 0, '0,0,0,0,0,0,0,0,0,0,0,0,0,0,3'),
(157, 525, 2120.692382, -1783.062866, 13.2671, 0.057, 1, 1, 600, 6, 0, '0,0,0,0,0,0,0,0,0,0,0,0,0,0,3'),
(158, 437, 1080.855957, -1775.577392, 13.6134, 269.75, 106, 106, 300, 9, 0, '0,0,0,0,0,0,0,0,0,0,0,0,0,0,3'),
(159, 437, 1080.868896, -1769.776733, 13.6134, 269.747314, 106, 106, 300, 9, 0, '0,0,0,0,0,0,0,0,0,0,0,0,0,0,3'),
(160, 437, 1080.882812, -1763.901367, 13.6134, 269.747314, 106, 106, 300, 9, 0, '0,0,0,0,0,0,0,0,0,0,0,0,0,0,3'),
(161, 437, 1080.89624, -1757.900756, 13.6134, 269.747314, 106, 106, 300, 9, 0, '0,0,0,0,0,0,0,0,0,0,0,0,0,0,3'),
(162, 437, 1172.817749, -1792.008422, 13.6484, 0.497298, 106, 106, 300, 9, 0, '0,0,0,0,0,0,0,0,0,0,0,0,0,0,3'),
(163, 437, 1172.665649, -1806.80725, 13.6484, 0.4943, 106, 106, 300, 9, 0, '0,0,0,0,0,0,0,0,0,0,0,0,0,0,3'),
(164, 437, 1182.155639, -1806.379638, 13.6484, 0.4943, 106, 106, 300, 9, 0, '0,0,0,0,0,0,0,0,0,0,0,0,0,0,3'),
(165, 437, 1182.300659, -1792.812255, 13.6484, 0.4943, 106, 106, 300, 9, 0, '0,0,0,0,0,0,0,0,0,0,0,0,0,0,3'),
(166, 514, -61.034694, -324.95639, 6.013, 270.888885, -1, -1, 600, 10, 0, '0,0,0,0,0,0,0,0,0,0,0,0,0,0,3'),
(167, 514, -61.416099, -317.814086, 6.017096, 269.907623, -1, -1, 600, 10, 0, '0,0,0,0,0,0,0,0,0,0,0,0,0,0,3'),
(168, 514, -61.554798, -310.801208, 6.016695, 270.930389, -1, -1, 600, 10, 0, '0,0,0,0,0,0,0,0,0,0,0,0,0,0,3'),
(169, 514, -61.560199, -303.819488, 6.0183, 269.48471, -1, -1, 600, 10, 0, '0,0,0,0,0,0,0,0,0,0,0,0,0,0,3'),
(170, 514, -39.890399, -376.420593, 6.017899, 0.5866, -1, -1, 600, 10, 0, '0,0,0,0,0,0,0,0,0,0,0,0,0,0,3'),
(171, 514, -46.605499, -376.627624, 5.989995, 359.690338, -1, -1, 600, 10, 0, '0,0,0,0,0,0,0,0,0,0,0,0,0,0,3'),
(172, 514, -71.773002, -1112.218017, 1.777999, 159.999801, -1, -1, 600, 10, 0, '0,0,0,0,0,0,0,0,0,0,0,0,0,0,3'),
(173, 514, -78.029197, -1110.176025, 1.777999, 161.998901, -1, -1, 600, 10, 0, '0,0,0,0,0,0,0,0,0,0,0,0,0,0,3'),
(174, 403, -65.779899, -1114.505981, 1.777999, 157.999801, -1, -1, 600, 10, 0, '0,0,0,0,0,0,0,0,0,0,0,0,0,0,3'),
(182, 522, 822.06195, -498.273559, 17.335935, 326.954681, 0, 0, 1200, 9, 0, '0,0,0,0,0,0,0,0,0,0,0,0,0,0,3'),
(183, 579, 2161.443847, -1182.439453, 23.91653, 90, -1, -1, 600, 0, 0, '0,0,0,0,0,0,0,0,0,0,0,0,0,0,3'),
(184, 579, 2148.423828, -1189.600341, 23.918947, 270, -1, -1, 600, 0, 0, '0,0,0,0,0,0,0,0,0,0,0,0,0,0,3'),
(185, 462, 2148.041748, -1180.154418, 23.490531, 270, -1, -1, 600, 0, 0, '0,0,0,0,0,0,0,0,0,0,0,0,0,0,3'),
(186, 462, 2148.112304, -1175.38977, 23.490531, 270, -1, -1, 600, 0, 0, '0,0,0,0,0,0,0,0,0,0,0,0,0,0,3'),
(187, 462, 2148.047851, -1170.599609, 23.490531, 270, -1, -1, 600, 0, 0, '0,0,0,0,0,0,0,0,0,0,0,0,0,0,3'),
(188, 462, 2148.201171, -1165.812011, 23.490531, 270, -1, -1, 600, 0, 0, '0,0,0,0,0,0,0,0,0,0,0,0,0,0,3'),
(189, 462, 2161.576416, -1172.967407, 23.490203, 90, -1, -1, 600, 0, 0, '0,0,0,0,0,0,0,0,0,0,0,0,0,0,3'),
(190, 462, 2161.634277, -1167.953125, 23.485767, 90, -1, -1, 600, 0, 0, '0,0,0,0,0,0,0,0,0,0,0,0,0,0,3'),
(191, 542, 2217.244628, -1170.23767, 25.569959, 90, -1, -1, 600, 0, 0, '0,0,0,0,0,0,0,0,0,0,0,0,0,0,3'),
(192, 510, 2228.499755, -1177.160644, 25.422403, 90, -1, -1, 600, 0, 0, '0,0,0,0,0,0,0,0,0,0,0,0,0,0,3'),
(193, 462, 2205.713378, -1176.883666, 25.335338, 270, -1, -1, 600, 0, 0, '0,0,0,0,0,0,0,0,0,0,0,0,0,0,3'),
(194, 462, 2205.870605, -1173.135253, 25.335338, 270, -1, -1, 600, 0, 0, '0,0,0,0,0,0,0,0,0,0,0,0,0,0,3'),
(195, 462, 2205.862792, -1168.871459, 25.335338, 270, -1, -1, 600, 0, 0, '0,0,0,0,0,0,0,0,0,0,0,0,0,0,3'),
(196, 462, 2205.832519, -1164.9281, 25.335338, 270, -1, -1, 600, 0, 0.758072, '0,0,0,0,0,0,0,0,0,0,0,0,0,0,3'),
(197, 603, 2217.514404, -1157.26892, 25.729236, 90, -1, -1, 600, 0, 0, '0,0,0,0,0,0,0,0,0,0,0,0,0,0,3'),
(198, 492, 2500.284667, -1753.265258, 13.2121, 359.918823, -1, -1, 600, 0, 0, '0,0,0,0,0,0,0,0,0,0,0,0,0,0,3'),
(199, 400, 2492.135253, -1753.365234, 13.5943, 0.9882, -1, -1, 600, 0, 0, '0,0,0,0,0,0,0,0,0,0,0,0,0,0,3'),
(200, 487, 1291.564208, -789.458618, 96.832298, 0.0041, -1, -1, 600, 0, 0, '0,0,0,0,0,0,0,0,0,0,0,0,0,0,3'),
(201, 547, 1175.28186, -922.205322, 43.062599, 278.413787, -1, -1, 600, 0, 1.784111, '0,0,0,0,0,0,0,0,0,0,0,0,0,0,3'),
(202, 550, 1174.403808, -913.143066, 43.146003, 275.021026, -1, -1, 600, 0, 0.053592, '0,0,0,0,0,0,0,0,0,0,0,0,0,0,3'),
(203, 560, 2059.1333, -1903.9281, 13.2522, 179.305801, -1, -1, 600, 0, 0, '0,0,0,0,0,0,0,0,0,0,0,0,0,0,3'),
(204, 475, 1981.157714, -1985.633666, 13.351099, 0.045899, -1, -1, 600, 0, 0, '0,0,0,0,0,0,0,0,0,0,0,0,0,0,3'),
(205, 492, 1982.490844, -2066.561767, 13.164093, 359.408477, -1, -1, 600, 0, 0, '0,0,0,0,0,0,0,0,0,0,0,0,0,0,3'),
(206, 496, 1938.301513, -2086.559082, 13.279994, 271.013885, -1, -1, 600, 0, 0, '0,0,0,0,0,0,0,0,0,0,0,0,0,0,3'),
(207, 603, 2433.154052, -1222.26892, 25.0921, 143.531295, -1, -1, 600, 0, 0, '0,0,0,0,0,0,0,0,0,0,0,0,0,0,3'),
(208, 550, 2427.314453, -1222.648559, 25.1707, 149.061294, -1, -1, 600, 0, 0, '0,0,0,0,0,0,0,0,0,0,0,0,0,0,3'),
(209, 462, 2435.425537, -1230.145263, 24.7728, 179.509506, -1, -1, 600, 0, 0, '0,0,0,0,0,0,0,0,0,0,0,0,0,0,3'),
(210, 466, 2333.655761, -1369.880859, 23.7481, 358.604614, -1, -1, 600, 0, 0, '0,0,0,0,0,0,0,0,0,0,0,0,0,0,3'),
(211, 400, 1362.580322, -1265.227783, 13.552, 180.081802, -1, -1, 600, 0, 0, '0,0,0,0,0,0,0,0,0,0,0,0,0,0,3'),
(212, 401, 1362.65686, -1290.562377, 13.2269, 180.688293, -1, -1, 600, 0, 0, '0,0,0,0,0,0,0,0,0,0,0,0,0,0,3'),
(213, 559, 981.441772, -913.648498, 41.43, 89.191299, -1, -1, 600, 0, 0, '0,0,0,0,0,0,0,0,0,0,0,0,0,0,3'),
(214, 550, 782.718627, -1630.333618, 13.203, 270.697265, -1, -1, 600, 0, 0, '0,0,0,0,0,0,0,0,0,0,0,0,0,0,3'),
(215, 558, 782.482482, -1616.21643, 13.0129, 270.738403, -1, -1, 600, 0, 0, '0,0,0,0,0,0,0,0,0,0,0,0,0,0,3'),
(216, 426, 888.175598, -1658.088989, 13.28969, 0.379299, -1, -1, 600, 0, 0, '0,0,0,0,0,0,0,0,0,0,0,0,0,0,3'),
(217, 507, 878.940368, -1668.546508, 13.3716, 0.36, -1, -1, 600, 0, 0, '0,0,0,0,0,0,0,0,0,0,0,0,0,0,3'),
(218, 510, 1946.305297, -1378.60913, 18.1865, 185.489883, -1, -1, 600, 0, 0, '0,0,0,0,0,0,0,0,0,0,0,0,0,0,3'),
(219, 510, 1943.394287, -1379.064697, 18.1858, 186.021194, -1, -1, 600, 0, 0, '0,0,0,0,0,0,0,0,0,0,0,0,0,0,3'),
(220, 510, 1932.398437, -1439.53894, 13.151, 3.142997, -1, -1, 600, 0, 0, '0,0,0,0,0,0,0,0,0,0,0,0,0,0,3'),
(221, 522, 1285.85205, -1526.577758, 13.137392, 87.937896, -1, -1, 600, 0, 0, '0,0,0,0,0,0,0,0,0,0,0,0,0,0,3'),
(222, 475, 2291.1333, -1683.518676, 13.683897, 358.712493, -1, -1, 600, 0, 0, '0,0,0,0,0,0,0,0,0,0,0,0,0,0,3'),
(223, 492, 2287.106201, -1683.373535, 13.71, 358.309265, -1, -1, 600, 0, 0, '0,0,0,0,0,0,0,0,0,0,0,0,0,0,3'),
(224, 496, 2283.097412, -1683.595458, 13.770792, 356.293701, -1, -1, 600, 0, 0, '0,0,0,0,0,0,0,0,0,0,0,0,0,0,3'),
(225, 507, 2278.962402, -1683.041259, 14.020195, 357.766021, -1, -1, 600, 0, 0, '0,0,0,0,0,0,0,0,0,0,0,0,0,0,3'),
(226, 559, 2296.733642, -1645.064453, 14.439393, 268.956512, -1, -1, 600, 0, 0, '0,0,0,0,0,0,0,0,0,0,0,0,0,0,3'),
(227, 562, 2296.670166, -1640.518432, 14.417798, 270.212493, -1, -1, 600, 0, 0, '0,0,0,0,0,0,0,0,0,0,0,0,0,0,3'),
(228, 566, 2297.435546, -1636.308593, 14.4953, 269.687286, -1, -1, 600, 0, 0, '0,0,0,0,0,0,0,0,0,0,0,0,0,0,3'),
(229, 400, 2297.592041, -1632.127319, 14.7756, 268.263397, -1, -1, 600, 0, 0, '0,0,0,0,0,0,0,0,0,0,0,0,0,0,3'),
(230, 560, 341.514556, -1344.805786, 14.213, 298.294494, -1, -1, 600, 0, 0, '0,0,0,0,0,0,0,0,0,0,0,0,0,0,3'),
(231, 475, 340.391357, -1354.949218, 14.3113, 118.353401, -1, -1, 600, 0, 0, '0,0,0,0,0,0,0,0,0,0,0,0,0,0,3'),
(232, 496, 413.223205, -1316.467285, 14.646595, 304.089508, -1, -1, 600, 11, 0, '0,0,0,0,0,0,0,0,0,0,0,0,0,0,3'),
(233, 496, 214.361206, -1429.324707, 12.9636, 314.0195, -1, -1, 600, 11, 0, '0,0,0,0,0,0,0,0,0,0,0,0,0,0,3'),
(234, 507, 202.009506, -1438.0625, 12.937191, 140.093597, -1, -1, 600, 11, 0, '0,0,0,0,0,0,0,0,0,0,0,0,0,0,3'),
(235, 550, 347.047668, -1809.375732, 4.334197, 359.857086, -1, -1, 600, 11, 0, '0,0,0,0,0,0,0,0,0,0,0,0,0,0,3'),
(236, 558, 328.031707, -1789.383178, 4.465795, 181.397598, -1, -1, 600, 11, 0, '0,0,0,0,0,0,0,0,0,0,0,0,0,0,3'),
(237, 522, 321.162506, -1809.28247, 4.0517, 359.44519, -1, -1, 600, 11, 0, '0,0,0,0,0,0,0,0,0,0,0,0,0,0,3'),
(238, 560, 315.059814, -1789.83435, 4.328495, 0.621999, -1, -1, 600, 11, 0, '0,0,0,0,0,0,0,0,0,0,0,0,0,0,3');

/*!40101 SET CHARACTER_SET_CLIENT=@OLD_CHARACTER_SET_CLIENT */;
/*!40101 SET CHARACTER_SET_RESULTS=@OLD_CHARACTER_SET_RESULTS */;
/*!40101 SET COLLATION_CONNECTION=@OLD_COLLATION_CONNECTION */;
